ssb_table,series,year,mill_nok
05678,total,2004,8804.0
05678,total,2005,8726.0
05678,total,2006,8771.0
05678,total,2007,9184.0
05678,total,2008,8934.0
05678,total,2009,10332.0
05678,total,2010,10525.0
05678,total,2011,11476.0
05678,total,2012,11594.0
05678,total,2013,13305.0
05678,total,2014,13869.0
05678,total,2015,14109.0
05678,total,2016,13832.0
05678,total,2017,15092.0
05678,total,2018,15707.0
05678,total,2019,16041.0
05678,total,2020,1968.0
05678,total,2021,2500.0
05678,total,2022,10376.0
14221,clothing_and_shoes,2023,496.0
14221,clothing_and_shoes,2024,509.0
14221,clothing_and_shoes,2025,458.0
