"behandlingsmåte","materialtype","år","statistikkvariabel","10513: Avfallsregnskap for Norge (1 000 tonn),"
"Avfallsbehandling i alt","Tekstiler","2012","Avfallsmengde",4
"Avfallsbehandling i alt","Tekstiler","2013","Avfallsmengde",3
"Avfallsbehandling i alt","Tekstiler","2014","Avfallsmengde",3
"Avfallsbehandling i alt","Tekstiler","2015","Avfallsmengde",3
"Avfallsbehandling i alt","Tekstiler","2016","Avfallsmengde",3
"Avfallsbehandling i alt","Tekstiler","2017","Avfallsmengde",4
"Avfallsbehandling i alt","Tekstiler","2018","Avfallsmengde",6
"Avfallsbehandling i alt","Tekstiler","2019","Avfallsmengde",3
"Avfallsbehandling i alt","Tekstiler","2020","Avfallsmengde",3
"Avfallsbehandling i alt","Tekstiler","2021","Avfallsmengde",4
"Avfallsbehandling i alt","Tekstiler","2022","Avfallsmengde",3
"Avfallsbehandling i alt","Tekstiler","2023","Avfallsmengde",3
"Avfallsbehandling i alt","Tekstiler","2024","Avfallsmengde",4
"Avfallsbehandling i alt","Blandet avfall","2012","Avfallsmengde",2743
"Avfallsbehandling i alt","Blandet avfall","2013","Avfallsmengde",2735
"Avfallsbehandling i alt","Blandet avfall","2014","Avfallsmengde",2807
"Avfallsbehandling i alt","Blandet avfall","2015","Avfallsmengde",2739
"Avfallsbehandling i alt","Blandet avfall","2016","Avfallsmengde",2958
"Avfallsbehandling i alt","Blandet avfall","2017","Avfallsmengde",2878
"Avfallsbehandling i alt","Blandet avfall","2018","Avfallsmengde",2762
"Avfallsbehandling i alt","Blandet avfall","2019","Avfallsmengde",2717
"Avfallsbehandling i alt","Blandet avfall","2020","Avfallsmengde",2418
"Avfallsbehandling i alt","Blandet avfall","2021","Avfallsmengde",2525
"Avfallsbehandling i alt","Blandet avfall","2022","Avfallsmengde",2742
"Avfallsbehandling i alt","Blandet avfall","2023","Avfallsmengde",2711
"Avfallsbehandling i alt","Blandet avfall","2024","Avfallsmengde",2555
"Levert til materialgjenvinning","Tekstiler","2012","Avfallsmengde",3
"Levert til materialgjenvinning","Tekstiler","2013","Avfallsmengde",2
"Levert til materialgjenvinning","Tekstiler","2014","Avfallsmengde",2
"Levert til materialgjenvinning","Tekstiler","2015","Avfallsmengde",1
"Levert til materialgjenvinning","Tekstiler","2016","Avfallsmengde",3
"Levert til materialgjenvinning","Tekstiler","2017","Avfallsmengde",2
"Levert til materialgjenvinning","Tekstiler","2018","Avfallsmengde",0
"Levert til materialgjenvinning","Tekstiler","2019","Avfallsmengde",1
"Levert til materialgjenvinning","Tekstiler","2020","Avfallsmengde",0
"Levert til materialgjenvinning","Tekstiler","2021","Avfallsmengde",3
"Levert til materialgjenvinning","Tekstiler","2022","Avfallsmengde",0
"Levert til materialgjenvinning","Tekstiler","2023","Avfallsmengde",0
"Levert til materialgjenvinning","Tekstiler","2024","Avfallsmengde",2
"Levert til materialgjenvinning","Blandet avfall","2012","Avfallsmengde",88
"Levert til materialgjenvinning","Blandet avfall","2013","Avfallsmengde",248
"Levert til materialgjenvinning","Blandet avfall","2014","Avfallsmengde",117
"Levert til materialgjenvinning","Blandet avfall","2015","Avfallsmengde",17
"Levert til materialgjenvinning","Blandet avfall","2016","Avfallsmengde",231
"Levert til materialgjenvinning","Blandet avfall","2017","Avfallsmengde",319
"Levert til materialgjenvinning","Blandet avfall","2018","Avfallsmengde",181
"Levert til materialgjenvinning","Blandet avfall","2019","Avfallsmengde",504
"Levert til materialgjenvinning","Blandet avfall","2020","Avfallsmengde",170
"Levert til materialgjenvinning","Blandet avfall","2021","Avfallsmengde",200
"Levert til materialgjenvinning","Blandet avfall","2022","Avfallsmengde",326
"Levert til materialgjenvinning","Blandet avfall","2023","Avfallsmengde",234
"Levert til materialgjenvinning","Blandet avfall","2024","Avfallsmengde",139
"Biogassproduksjon","Tekstiler","2012","Avfallsmengde",0
"Biogassproduksjon","Tekstiler","2013","Avfallsmengde",0
"Biogassproduksjon","Tekstiler","2014","Avfallsmengde",0
"Biogassproduksjon","Tekstiler","2015","Avfallsmengde",0
"Biogassproduksjon","Tekstiler","2016","Avfallsmengde",0
"Biogassproduksjon","Tekstiler","2017","Avfallsmengde",0
"Biogassproduksjon","Tekstiler","2018","Avfallsmengde",0
"Biogassproduksjon","Tekstiler","2019","Avfallsmengde",0
"Biogassproduksjon","Tekstiler","2020","Avfallsmengde",0
"Biogassproduksjon","Tekstiler","2021","Avfallsmengde",0
"Biogassproduksjon","Tekstiler","2022","Avfallsmengde",0
"Biogassproduksjon","Tekstiler","2023","Avfallsmengde",0
"Biogassproduksjon","Tekstiler","2024","Avfallsmengde",0
"Biogassproduksjon","Blandet avfall","2012","Avfallsmengde",0
"Biogassproduksjon","Blandet avfall","2013","Avfallsmengde",1
"Biogassproduksjon","Blandet avfall","2014","Avfallsmengde",1
"Biogassproduksjon","Blandet avfall","2015","Avfallsmengde",16
"Biogassproduksjon","Blandet avfall","2016","Avfallsmengde",10
"Biogassproduksjon","Blandet avfall","2017","Avfallsmengde",19
"Biogassproduksjon","Blandet avfall","2018","Avfallsmengde",22
"Biogassproduksjon","Blandet avfall","2019","Avfallsmengde",10
"Biogassproduksjon","Blandet avfall","2020","Avfallsmengde",6
"Biogassproduksjon","Blandet avfall","2021","Avfallsmengde",0
"Biogassproduksjon","Blandet avfall","2022","Avfallsmengde",5
"Biogassproduksjon","Blandet avfall","2023","Avfallsmengde",0
"Biogassproduksjon","Blandet avfall","2024","Avfallsmengde",3
"Levert til kompostering","Tekstiler","2012","Avfallsmengde",0
"Levert til kompostering","Tekstiler","2013","Avfallsmengde",0
"Levert til kompostering","Tekstiler","2014","Avfallsmengde",0
"Levert til kompostering","Tekstiler","2015","Avfallsmengde",0
"Levert til kompostering","Tekstiler","2016","Avfallsmengde",0
"Levert til kompostering","Tekstiler","2017","Avfallsmengde",0
"Levert til kompostering","Tekstiler","2018","Avfallsmengde",0
"Levert til kompostering","Tekstiler","2019","Avfallsmengde",0
"Levert til kompostering","Tekstiler","2020","Avfallsmengde",0
"Levert til kompostering","Tekstiler","2021","Avfallsmengde",0
"Levert til kompostering","Tekstiler","2022","Avfallsmengde",0
"Levert til kompostering","Tekstiler","2023","Avfallsmengde",0
"Levert til kompostering","Tekstiler","2024","Avfallsmengde",0
"Levert til kompostering","Blandet avfall","2012","Avfallsmengde",4
"Levert til kompostering","Blandet avfall","2013","Avfallsmengde",5
"Levert til kompostering","Blandet avfall","2014","Avfallsmengde",87
"Levert til kompostering","Blandet avfall","2015","Avfallsmengde",0
"Levert til kompostering","Blandet avfall","2016","Avfallsmengde",3
"Levert til kompostering","Blandet avfall","2017","Avfallsmengde",6
"Levert til kompostering","Blandet avfall","2018","Avfallsmengde",7
"Levert til kompostering","Blandet avfall","2019","Avfallsmengde",3
"Levert til kompostering","Blandet avfall","2020","Avfallsmengde",2
"Levert til kompostering","Blandet avfall","2021","Avfallsmengde",0
"Levert til kompostering","Blandet avfall","2022","Avfallsmengde",0
"Levert til kompostering","Blandet avfall","2023","Avfallsmengde",0
"Levert til kompostering","Blandet avfall","2024","Avfallsmengde",0
"Brukt som fyll- og/eller dekkmasse","Tekstiler","2012","Avfallsmengde",0
"Brukt som fyll- og/eller dekkmasse","Tekstiler","2013","Avfallsmengde",0
"Brukt som fyll- og/eller dekkmasse","Tekstiler","2014","Avfallsmengde",0
"Brukt som fyll- og/eller dekkmasse","Tekstiler","2015","Avfallsmengde",0
"Brukt som fyll- og/eller dekkmasse","Tekstiler","2016","Avfallsmengde",0
"Brukt som fyll- og/eller dekkmasse","Tekstiler","2017","Avfallsmengde",0
"Brukt som fyll- og/eller dekkmasse","Tekstiler","2018","Avfallsmengde",0
"Brukt som fyll- og/eller dekkmasse","Tekstiler","2019","Avfallsmengde",0
"Brukt som fyll- og/eller dekkmasse","Tekstiler","2020","Avfallsmengde",0
"Brukt som fyll- og/eller dekkmasse","Tekstiler","2021","Avfallsmengde",0
"Brukt som fyll- og/eller dekkmasse","Tekstiler","2022","Avfallsmengde",0
"Brukt som fyll- og/eller dekkmasse","Tekstiler","2023","Avfallsmengde",0
"Brukt som fyll- og/eller dekkmasse","Tekstiler","2024","Avfallsmengde",0
"Brukt som fyll- og/eller dekkmasse","Blandet avfall","2012","Avfallsmengde",3
"Brukt som fyll- og/eller dekkmasse","Blandet avfall","2013","Avfallsmengde",9
"Brukt som fyll- og/eller dekkmasse","Blandet avfall","2014","Avfallsmengde",2
"Brukt som fyll- og/eller dekkmasse","Blandet avfall","2015","Avfallsmengde",3
"Brukt som fyll- og/eller dekkmasse","Blandet avfall","2016","Avfallsmengde",70
"Brukt som fyll- og/eller dekkmasse","Blandet avfall","2017","Avfallsmengde",2
"Brukt som fyll- og/eller dekkmasse","Blandet avfall","2018","Avfallsmengde",3
"Brukt som fyll- og/eller dekkmasse","Blandet avfall","2019","Avfallsmengde",0
"Brukt som fyll- og/eller dekkmasse","Blandet avfall","2020","Avfallsmengde",1
"Brukt som fyll- og/eller dekkmasse","Blandet avfall","2021","Avfallsmengde",5
"Brukt som fyll- og/eller dekkmasse","Blandet avfall","2022","Avfallsmengde",10
"Brukt som fyll- og/eller dekkmasse","Blandet avfall","2023","Avfallsmengde",71
"Brukt som fyll- og/eller dekkmasse","Blandet avfall","2024","Avfallsmengde",1
"Levert til forbrenning","Tekstiler","2012","Avfallsmengde",1
"Levert til forbrenning","Tekstiler","2013","Avfallsmengde",1
"Levert til forbrenning","Tekstiler","2014","Avfallsmengde",0
"Levert til forbrenning","Tekstiler","2015","Avfallsmengde",1
"Levert til forbrenning","Tekstiler","2016","Avfallsmengde",0
"Levert til forbrenning","Tekstiler","2017","Avfallsmengde",2
"Levert til forbrenning","Tekstiler","2018","Avfallsmengde",2
"Levert til forbrenning","Tekstiler","2019","Avfallsmengde",2
"Levert til forbrenning","Tekstiler","2020","Avfallsmengde",2
"Levert til forbrenning","Tekstiler","2021","Avfallsmengde",0
"Levert til forbrenning","Tekstiler","2022","Avfallsmengde",1
"Levert til forbrenning","Tekstiler","2023","Avfallsmengde",3
"Levert til forbrenning","Tekstiler","2024","Avfallsmengde",1
"Levert til forbrenning","Blandet avfall","2012","Avfallsmengde",2435
"Levert til forbrenning","Blandet avfall","2013","Avfallsmengde",2270
"Levert til forbrenning","Blandet avfall","2014","Avfallsmengde",1981
"Levert til forbrenning","Blandet avfall","2015","Avfallsmengde",2405
"Levert til forbrenning","Blandet avfall","2016","Avfallsmengde",2419
"Levert til forbrenning","Blandet avfall","2017","Avfallsmengde",2196
"Levert til forbrenning","Blandet avfall","2018","Avfallsmengde",2190
"Levert til forbrenning","Blandet avfall","2019","Avfallsmengde",1627
"Levert til forbrenning","Blandet avfall","2020","Avfallsmengde",1708
"Levert til forbrenning","Blandet avfall","2021","Avfallsmengde",1832
"Levert til forbrenning","Blandet avfall","2022","Avfallsmengde",2037
"Levert til forbrenning","Blandet avfall","2023","Avfallsmengde",2149
"Levert til forbrenning","Blandet avfall","2024","Avfallsmengde",2126
"Levert til deponering","Tekstiler","2012","Avfallsmengde",0
"Levert til deponering","Tekstiler","2013","Avfallsmengde",0
"Levert til deponering","Tekstiler","2014","Avfallsmengde",0
"Levert til deponering","Tekstiler","2015","Avfallsmengde",0
"Levert til deponering","Tekstiler","2016","Avfallsmengde",0
"Levert til deponering","Tekstiler","2017","Avfallsmengde",0
"Levert til deponering","Tekstiler","2018","Avfallsmengde",4
"Levert til deponering","Tekstiler","2019","Avfallsmengde",0
"Levert til deponering","Tekstiler","2020","Avfallsmengde",0
"Levert til deponering","Tekstiler","2021","Avfallsmengde",0
"Levert til deponering","Tekstiler","2022","Avfallsmengde",0
"Levert til deponering","Tekstiler","2023","Avfallsmengde",0
"Levert til deponering","Tekstiler","2024","Avfallsmengde",0
"Levert til deponering","Blandet avfall","2012","Avfallsmengde",170
"Levert til deponering","Blandet avfall","2013","Avfallsmengde",152
"Levert til deponering","Blandet avfall","2014","Avfallsmengde",195
"Levert til deponering","Blandet avfall","2015","Avfallsmengde",233
"Levert til deponering","Blandet avfall","2016","Avfallsmengde",212
"Levert til deponering","Blandet avfall","2017","Avfallsmengde",299
"Levert til deponering","Blandet avfall","2018","Avfallsmengde",328
"Levert til deponering","Blandet avfall","2019","Avfallsmengde",303
"Levert til deponering","Blandet avfall","2020","Avfallsmengde",255
"Levert til deponering","Blandet avfall","2021","Avfallsmengde",269
"Levert til deponering","Blandet avfall","2022","Avfallsmengde",330
"Levert til deponering","Blandet avfall","2023","Avfallsmengde",241
"Levert til deponering","Blandet avfall","2024","Avfallsmengde",282
"Annen behandling","Tekstiler","2012","Avfallsmengde",0
"Annen behandling","Tekstiler","2013","Avfallsmengde",1
"Annen behandling","Tekstiler","2014","Avfallsmengde",0
"Annen behandling","Tekstiler","2015","Avfallsmengde",1
"Annen behandling","Tekstiler","2016","Avfallsmengde",0
"Annen behandling","Tekstiler","2017","Avfallsmengde",0
"Annen behandling","Tekstiler","2018","Avfallsmengde",0
"Annen behandling","Tekstiler","2019","Avfallsmengde",0
"Annen behandling","Tekstiler","2020","Avfallsmengde",0
"Annen behandling","Tekstiler","2021","Avfallsmengde",0
"Annen behandling","Tekstiler","2022","Avfallsmengde",2
"Annen behandling","Tekstiler","2023","Avfallsmengde",0
"Annen behandling","Tekstiler","2024","Avfallsmengde",1
"Annen behandling","Blandet avfall","2012","Avfallsmengde",42
"Annen behandling","Blandet avfall","2013","Avfallsmengde",46
"Annen behandling","Blandet avfall","2014","Avfallsmengde",37
"Annen behandling","Blandet avfall","2015","Avfallsmengde",65
"Annen behandling","Blandet avfall","2016","Avfallsmengde",12
"Annen behandling","Blandet avfall","2017","Avfallsmengde",36
"Annen behandling","Blandet avfall","2018","Avfallsmengde",31
"Annen behandling","Blandet avfall","2019","Avfallsmengde",269
"Annen behandling","Blandet avfall","2020","Avfallsmengde",277
"Annen behandling","Blandet avfall","2021","Avfallsmengde",220
"Annen behandling","Blandet avfall","2022","Avfallsmengde",33
"Annen behandling","Blandet avfall","2023","Avfallsmengde",16
"Annen behandling","Blandet avfall","2024","Avfallsmengde",5
"Levert til ukjent behandling","Tekstiler","2012","Avfallsmengde",0
"Levert til ukjent behandling","Tekstiler","2013","Avfallsmengde",0
"Levert til ukjent behandling","Tekstiler","2014","Avfallsmengde",0
"Levert til ukjent behandling","Tekstiler","2015","Avfallsmengde",0
"Levert til ukjent behandling","Tekstiler","2016","Avfallsmengde",0
"Levert til ukjent behandling","Tekstiler","2017","Avfallsmengde",0
"Levert til ukjent behandling","Tekstiler","2018","Avfallsmengde",0
"Levert til ukjent behandling","Tekstiler","2019","Avfallsmengde",0
"Levert til ukjent behandling","Tekstiler","2020","Avfallsmengde",0
"Levert til ukjent behandling","Tekstiler","2021","Avfallsmengde",0
"Levert til ukjent behandling","Tekstiler","2022","Avfallsmengde",0
"Levert til ukjent behandling","Tekstiler","2023","Avfallsmengde",0
"Levert til ukjent behandling","Tekstiler","2024","Avfallsmengde",0
"Levert til ukjent behandling","Blandet avfall","2012","Avfallsmengde",0
"Levert til ukjent behandling","Blandet avfall","2013","Avfallsmengde",3
"Levert til ukjent behandling","Blandet avfall","2014","Avfallsmengde",388
"Levert til ukjent behandling","Blandet avfall","2015","Avfallsmengde",0
"Levert til ukjent behandling","Blandet avfall","2016","Avfallsmengde",2
"Levert til ukjent behandling","Blandet avfall","2017","Avfallsmengde",0
"Levert til ukjent behandling","Blandet avfall","2018","Avfallsmengde",0
"Levert til ukjent behandling","Blandet avfall","2019","Avfallsmengde",0
"Levert til ukjent behandling","Blandet avfall","2020","Avfallsmengde",0
"Levert til ukjent behandling","Blandet avfall","2021","Avfallsmengde",0
"Levert til ukjent behandling","Blandet avfall","2022","Avfallsmengde",0
"Levert til ukjent behandling","Blandet avfall","2023","Avfallsmengde",0
"Levert til ukjent behandling","Blandet avfall","2024","Avfallsmengde",0
