region,year,variable,tonn
EAK Landet,2015,Restavfall eksportert til utlandet (tonn),162637.0
EAK Landet,2015,Restavfall samlet inn via hente- og bringeordning nært husholdningene (tonn),752279.0
EAK Landet,2015,Restavfall inkl. næringsavfall i alt (tonn),1009007.0
EAK Landet,2015,Tekstiler til ombruk (tonn),13084.0
EAK Landet,2016,Restavfall eksportert til utlandet (tonn),156431.0
EAK Landet,2016,Restavfall samlet inn via hente- og bringeordning nært husholdningene (tonn),724640.0
EAK Landet,2016,Restavfall inkl. næringsavfall i alt (tonn),986425.0
EAK Landet,2016,Tekstiler til ombruk (tonn),10125.0
EAK Landet,2017,Restavfall eksportert til utlandet (tonn),181883.0
EAK Landet,2017,Restavfall samlet inn via hente- og bringeordning nært husholdningene (tonn),711745.0
EAK Landet,2017,Restavfall inkl. næringsavfall i alt (tonn),953404.0
EAK Landet,2017,Tekstiler til ombruk (tonn),14678.0
EAK Landet,2018,Restavfall eksportert til utlandet (tonn),153544.0
EAK Landet,2018,Restavfall samlet inn via hente- og bringeordning nært husholdningene (tonn),675512.0
EAK Landet,2018,Restavfall inkl. næringsavfall i alt (tonn),936852.0
EAK Landet,2018,Tekstiler til ombruk (tonn),19271.0
EAK Landet,2019,Restavfall eksportert til utlandet (tonn),161832.0
EAK Landet,2019,Restavfall samlet inn via hente- og bringeordning nært husholdningene (tonn),693748.0
EAK Landet,2019,Restavfall inkl. næringsavfall i alt (tonn),917027.0
EAK Landet,2019,Tekstiler til ombruk (tonn),19147.0
EAK Landet,2020,Restavfall eksportert til utlandet (tonn),140088.0
EAK Landet,2020,Restavfall samlet inn via hente- og bringeordning nært husholdningene (tonn),0.0
EAK Landet,2020,Restavfall inkl. næringsavfall i alt (tonn),1120252.0
EAK Landet,2020,Tekstiler til ombruk (tonn),20469.0
EAK Landet,2021,Restavfall eksportert til utlandet (tonn),145011.0
EAK Landet,2021,Restavfall samlet inn via hente- og bringeordning nært husholdningene (tonn),0.0
EAK Landet,2021,Restavfall inkl. næringsavfall i alt (tonn),1122985.0
EAK Landet,2021,Tekstiler til ombruk (tonn),20988.0
EAK Landet,2022,Restavfall eksportert til utlandet (tonn),135479.0
EAK Landet,2022,Restavfall samlet inn via hente- og bringeordning nært husholdningene (tonn),0.0
EAK Landet,2022,Restavfall inkl. næringsavfall i alt (tonn),1054695.0
EAK Landet,2022,Tekstiler til ombruk (tonn),17624.0
EAK Landet,2023,Restavfall eksportert til utlandet (tonn),116022.0
EAK Landet,2023,Restavfall samlet inn via hente- og bringeordning nært husholdningene (tonn),0.0
EAK Landet,2023,Restavfall inkl. næringsavfall i alt (tonn),1036217.0
EAK Landet,2023,Tekstiler til ombruk (tonn),15770.0
EAK Landet,2024,Restavfall eksportert til utlandet (tonn),108141.0
EAK Landet,2024,Restavfall samlet inn via hente- og bringeordning nært husholdningene (tonn),0.0
EAK Landet,2024,Restavfall inkl. næringsavfall i alt (tonn),993321.0
EAK Landet,2024,Tekstiler til ombruk (tonn),16473.0
EAK Landet,2025,Restavfall eksportert til utlandet (tonn),110040.0
EAK Landet,2025,Restavfall samlet inn via hente- og bringeordning nært husholdningene (tonn),0.0
EAK Landet,2025,Restavfall inkl. næringsavfall i alt (tonn),944536.0
EAK Landet,2025,Tekstiler til ombruk (tonn),17284.0
