parameter_id,value,unit,description,source,lower_bound,upper_bound,uncertainty_type,uncertainty_source,distribution_type,status
nontextile_share_CL,0.017,kg/kg,"Mass share of non-textile parts (buttons, zips, trims) in clothing","PEFCR Apparel & Footwear (Cascale 2025), tab. A.IV 2: trims, leather, fur, down, mean of RP1-RP10",0.01,0.03,abs,literature range,PERT,literature
nontextile_share_HT,0.01,kg/kg,Mass share of non-textile parts in household textiles,assumption: no source found; trims of the order of clothing (PEFCR),0.005,0.03,abs,assumption,PERT,assumption
nontextile_share_FW,0.80,kg/kg,"Mass share of non-textile material (leather, rubber, plastic soles) in footwear","PEFCR 2025 tab. A.IV 3 (0.79, mean RP11-13); Gottfridsson & Zhang 2015 per HS heading weighted by Norwegian imports 2015-2025 (0.82)",0.75,0.90,abs,literature range,PERT,literature
nontextile_share_CA,0.30,kg/kg,"Mass share of non-textile material in carpets (backing, latex)",assumption: latex/foam backing; no source found,0.10,0.50,abs,assumption,PERT,assumption
nontextile_share_TA,0.10,kg/kg,"Mass share of non-textile material in tarpaulins and tents (poles, eyelets, coatings)","assumption: poles, eyelets, coatings; no source found",0.05,0.30,abs,assumption,PERT,assumption
nontextile_share_OM,0.05,kg/kg,Mass share of non-textile material in other made-up articles,assumption: no source found,0.00,0.15,abs,assumption,PERT,assumption
unsold_share,,-,Share of supply to retail that is never sold,,,,perc,,PERT,todo
laundry_release_rate,,kg/kg,Fibre mass released to wastewater per kg textile in the in-use stock per year,,,,abs,,lognormal,todo
wwtp_retention,,-,Share of fibres in wastewater retained in sludge,,,,abs,,PERT,todo
institutional_share,0.12,-,"Share of supply of CL, HT, FW, CA, TA and OM used by businesses and the public sector (US.IC); sacks (SA) go entirely to US.IC","Watson et al. 2020 and Rubach et al. 2023 (Danish split, 88/12); Netherlands about 8 % workwear (Xu et al. 2024)",0.08,0.15,abs,literature,PERT,literature
retail_markup,2.5,-,"Retail price per kg incl. VAT relative to customs import value per kg, used to convert cross-border shopping (NOK) to mass",assumption,1.8,3.5,abs,assumption,PERT,assumption
crossborder_clothing_share,0.0467,-,Clothing and shoes share of cross-border day-trip shopping; mean of 2023-2025 applied to 2004-2022 (D16),SSB 14221 (5.3 / 4.6 / 4.1 %),0.041,0.053,abs,SSB 14221 range,PERT,official
nontextile_share_SA,0.0,kg/kg,Mass share of non-textile material in sacks and bulk bags (woven PP strip is counted as textile),assumption: no source found,0.0,0.05,abs,assumption,PERT,assumption
mmf_synthetic_share,0.92,kg/kg,"Synthetic share of man-made fibres, used for HS codes stating only ""man-made fibres"" (MMF); the rest is regenerated cellulose (CV)","Textile Exchange, Materials Market Report 2024: synthetics 67 % and man-made cellulosics 6 % of global fibre production 2023",0.85,0.95,abs,"global, not Norwegian imports",PERT,literature
