scenario,year,fibre,supply_kt,discards_kt,stock_change_kt
short,1988,CO,18.871878789176574,26.52612358825395,-7.649423835888957
short,1988,WO,1.6921357974467912,2.37844910899519,-0.6858810427488571
short,1988,SYN,4.383843519339366,6.161886491781354,-1.7769230866867538
short,1988,ART,0.03469346518757536,0.048764786778845375,-0.014062458884995965
short,1988,MMF,3.4862498995012885,4.9002379003592615,-1.413097412134991
short,1988,OTH,0.04612381676210892,0.06483117433413023,-0.018695574896581114
short,1988,RES,2.3813063809781423,3.3471403705470752,-0.9652256669672838
short,1988,UNK,11.166451423997081,15.695452149950196,-4.526148172062655
short,1989,CO,19.38586337108302,26.715621394293226,-7.322283427614977
short,1989,WO,0.989891747253238,2.372056181709043,-1.3815007717834769
short,1989,SYN,4.347109509385301,6.20175663806176,-1.8529119782127887
short,1989,ART,0.039321300215255685,0.049220741368219516,-0.009885669991470149
short,1989,MMF,3.1589651445726403,4.921641058943661,-1.7612989193897866
short,1989,OTH,0.04561192144529286,0.06539599758498862,-0.01976577940505201
short,1989,RES,2.315213415983188,3.35858775980203,-1.0424346656842745
short,1989,UNK,10.90310468245099,15.780153820237071,-4.872634107849251
short,1990,CO,22.119183791727803,27.20194556187086,-5.071417859355339
short,1990,WO,0.948508750789839,2.2374401033834066,-1.287998282535475
short,1990,SYN,4.3025508057823245,6.267793508142434,-1.962628871293119
short,1990,ART,0.059647053196184595,0.05141470702178668,0.008253787429337023
short,1990,MMF,3.606894813652932,4.911799585987031,-1.3028564256015511
short,1990,OTH,0.06194401479927099,0.06755029540118679,-0.0055781103917015296
short,1990,RES,2.6558513466385962,3.3450486885070547,-0.687802370548606
short,1990,UNK,11.285394195801981,15.866243536686236,-4.574232709334611
short,1991,CO,23.267771866604452,27.6278271780151,-4.349313209004915
short,1991,WO,1.391122805569818,1.9788995392871251,-0.5870073086964862
short,1991,SYN,4.2648764030286905,6.193251364332122,-1.9259669347890247
short,1991,ART,0.09844388431771275,0.05815534922116692,0.04031114674503885
short,1991,MMF,3.64327984508457,4.835063044454651,-1.1899032562957652
short,1991,OTH,0.07249650974246043,0.07147761252079232,0.001046688760556358
short,1991,RES,3.034706468080362,3.3580148344366463,-0.3220027211819798
short,1991,UNK,11.186466349960856,15.7262479297324,-4.533666985068507
short,1992,CO,22.511191343312937,28.64495840079318,-6.113918206490101
short,1992,WO,2.35430916228241,1.8484273544677556,0.5071626321262692
short,1992,SYN,4.969880277199617,6.161416601770784,-1.1872669156823301
short,1992,ART,0.06679789307143472,0.07386028404082003,-0.0070112112207013355
short,1992,MMF,3.9795604492804224,4.851085884862663,-0.8681639895811055
short,1992,OTH,0.09880049663331707,0.07894191160504022,0.01991328597140274
short,1992,RES,3.685776864689247,3.585481379295746,0.10277996048436355
short,1992,UNK,11.40754660591954,15.703991698164018,-4.285563380118877
short,1993,CO,25.07498501947833,29.209246271225673,-4.107737758352457
short,1993,WO,2.4543952542846883,1.985914218622552,0.4702843476055991
short,1993,SYN,4.432975377223153,6.135947603496471,-1.6974004712125579
short,1993,ART,0.06950492038538669,0.0860830643982636,-0.01649997617626868
short,1993,MMF,4.202502036229496,4.885172783497681,-0.6782347598807386
short,1993,OTH,0.105807508941217,0.08881934124150201,0.017068820216006655
short,1993,RES,3.8114886884009502,3.9183596987889993,-0.10331293885739123
short,1993,UNK,11.588401887445706,15.440904115728856,-3.8384810955732647
short,1994,CO,26.545315256342622,29.509192835149268,-2.9328919621856286
short,1994,WO,2.106226130500597,2.2744043690354703,-0.16579003963652328
short,1994,SYN,4.69808048772248,6.0201206791791435,-1.3157188680501113
short,1994,ART,0.13526507547408487,0.09283846366549744,0.04252409522871664
short,1994,MMF,4.760981177984632,4.961175844892153,-0.19498527017552458
short,1994,OTH,0.13907455857995987,0.09986142932544334,0.03931798701804773
short,1994,RES,4.009196817701065,4.243331294696606,-0.22967884049514797
short,1994,UNK,13.34050342808348,15.090697452056425,-1.734348298594913
short,1995,CO,26.253050731219403,29.559215211460554,-3.2724320873426045
short,1995,WO,1.7541821860368059,2.4582153396062454,-0.7012278867492068
short,1995,SYN,5.031470733055537,5.818217651562979,-0.7801072833754628
short,1995,ART,0.1917925811281919,0.10579752237726893,0.08611579279501012
short,1995,MMF,4.460188756044975,5.0707780325233465,-0.6048026046851342
short,1995,OTH,0.21662846519964385,0.11500021585728235,0.1017594853185863
short,1995,RES,4.142139930863009,4.459913469164363,-0.3126839730893165
short,1995,UNK,13.488944268841367,15.05693006344796,-1.550803123242936
short,1996,CO,26.772645957931147,29.967942983541338,-3.1533748885751685
short,1996,WO,2.0110926304159853,2.4896198285411315,-0.4750444704759871
short,1996,SYN,5.118424160760288,5.760774500820959,-0.6342915961494224
short,1996,ART,0.1514913483893018,0.13220927048546688,0.01946702537112141
short,1996,MMF,4.393675018032439,5.215637555529859,-0.8146663853241458
short,1996,OTH,0.18790730829188257,0.1408311897001066,0.04727312725655672
short,1996,RES,3.7880497609210186,4.665511527057148,-0.8709351849262283
short,1996,UNK,12.769791547646868,15.290008406323999,-2.498827675307803
short,1997,CO,27.634397179819302,30.873480627608068,-3.1831137344711955
short,1997,WO,2.0677120103757187,2.478284775503068,-0.4060799484580109
short,1997,SYN,6.026217677866163,5.907861107435342,0.12906677497470032
short,1997,ART,0.13953372923235086,0.1588703586346714,-0.019048617547269414
short,1997,MMF,4.971240950335074,5.377848530874369,-0.3968582217232637
short,1997,OTH,0.16036377080576383,0.17164338474174395,-0.010968446201032156
short,1997,RES,4.433004475727788,4.816953979495395,-0.3752169757916324
short,1997,UNK,14.177095618226772,15.584736561707349,-1.3793877883533696
short,1998,CO,27.007320805499425,30.883500365370956,-3.8177389625438423
short,1998,WO,2.0528612273606486,2.3962029019969595,-0.3388073593140728
short,1998,SYN,6.884876149872771,6.08941625527915,0.8069828475984719
short,1998,ART,0.16657674541075104,0.17085228522585316,-0.003952237421096461
short,1998,MMF,5.562835487160755,5.417298536156206,0.15578806109925747
short,1998,OTH,0.13472960995461078,0.18835297680501528,-0.053266948039625006
short,1998,RES,4.977764355422329,4.833314597901439,0.15359579954437486
short,1998,UNK,14.70667399170763,15.728767931264425,-0.9923305195345495
short,1999,CO,25.626691131144536,30.393770597333287,-4.697407826957807
short,1999,WO,2.2722471600017857,2.324097954560586,-0.046523264902386785
short,1999,SYN,6.989803213693006,6.417314228771131,0.5871993940942657
short,1999,ART,0.11228805479358701,0.1737730987174477,-0.061086703856013114
short,1999,MMF,6.811779786420297,5.5612867259761245,1.2632411978031506
short,1999,OTH,0.13561325535266097,0.18769916350471139,-0.05165564536639927
short,1999,RES,5.207553067710286,4.884247463192612,0.33450176479928384
short,1999,UNK,15.25099534327277,15.968630191944113,-0.681029958265178
short,2000,CO,27.589395528205376,28.807311784827,-1.1505967128063936
short,2000,WO,2.1189904363611953,2.2481049184804234,-0.12386090626698243
short,2000,SYN,7.46732289240776,6.618056614398021,0.8647319540697778
short,2000,ART,0.0886445364588777,0.16078563257701636,-0.07176535764181095
short,2000,MMF,7.3365113020942605,5.7919319117041175,1.5581145031773822
short,2000,OTH,0.1235896398529707,0.17025056765496147,-0.046263070805321854
short,2000,RES,5.5794072496516645,4.935072489097204,0.6558674863826335
short,2000,UNK,16.400765427356813,15.817728814261258,0.6200009190996276
short,2001,CO,26.846423611332376,27.35583229232354,-0.44273027098200046
short,2001,WO,2.059984552200471,2.182077262483122,-0.1167740111173412
short,2001,SYN,7.066806658457494,6.7536558309646955,0.32961251024277693
short,2001,ART,0.07367496412617568,0.139160796238348,-0.06514663495196067
short,2001,MMF,7.186599883657511,6.132522177450071,1.0690254081734683
short,2001,OTH,0.11309891413190058,0.1487744987618845,-0.03531295457284117
short,2001,RES,5.052289257432921,5.024666127569643,0.03987049066857473
short,2001,UNK,15.98283722438341,15.681508567208693,0.3395515138815828
short,2002,CO,29.930626600314017,26.237104158030018,3.7593054036177413
short,2002,WO,2.1605604709913977,2.1009127139939903,0.06491526895291155
short,2002,SYN,7.794912438307679,6.739537959788695,1.0722721804279187
short,2002,ART,0.08960718907270995,0.11535624890011108,-0.02545983295177892
short,2002,MMF,7.391854851896382,6.390674836880792,1.0172030300998358
short,2002,OTH,0.09884268142842417,0.12989284621813899,-0.030724491040476656
short,2002,RES,5.358671450003904,4.983301157059573,0.3878646713389413
short,2002,UNK,17.328231437041083,15.445011791128678,1.9219441410905063
short,2003,CO,32.91018891347134,25.290248287467083,7.682003249343179
short,2003,WO,2.1279732852405453,1.982802539179945,0.15003657124925907
short,2003,SYN,8.211521151695857,6.54221057046192,1.6853652575591092
short,2003,ART,0.08000320279743763,0.0951414822381508,-0.01490480091140274
short,2003,MMF,8.112390895792366,6.397034852318557,1.7310544565543236
short,2003,OTH,0.10047654044964463,0.11258744729342997,-0.011834615672000906
short,2003,RES,5.866134579837535,4.7839146989215156,1.0939596745578184
short,2003,UNK,18.433135083104204,15.143298358119397,3.326998591148639
short,2004,CO,35.67649781958907,25.705731596835548,10.049178982322175
short,2004,WO,2.036565857061392,1.9239883072196475,0.11844648346763975
short,2004,SYN,8.67640757061732,6.518536609487487,2.1777551041651577
short,2004,ART,0.08945230305033176,0.08376083826232994,0.005946968835696037
short,2004,MMF,8.281804842216795,6.552217657112349,1.7495740688020813
short,2004,OTH,0.1505582082714502,0.10302568624899636,0.04784679155937813
short,2004,RES,6.030438409087717,4.826307480151261,1.218853096505188
short,2004,UNK,19.967138055828176,15.531176564682381,4.4833377896649385
short,2005,CO,37.31550244847106,26.113671384022055,11.294811845473099
short,2005,WO,2.028842125824338,1.8260627702694785,0.20928126561115934
short,2005,SYN,9.106936323002714,6.402085423191023,2.72764627370138
short,2005,ART,0.11742630376273405,0.07698488599854961,0.04071553145436345
short,2005,MMF,8.880636092961863,6.594383304164474,2.3097328617820185
short,2005,OTH,0.2590218621070104,0.09913728014280371,0.16023757184451598
short,2005,RES,6.354829066852231,4.852403737638722,1.519702880222515
short,2005,UNK,21.436804153708955,15.8645813065729,5.62871054428185
short,2006,CO,38.247693456165,26.15169185272033,12.196944889146412
short,2006,WO,2.190942189491531,1.7006127292407893,0.49689367940576035
short,2006,SYN,8.845755088843426,6.187613271467283,2.682025473461996
short,2006,ART,0.18197336299873965,0.07637034573609379,0.10589780024159019
short,2006,MMF,9.335647056183294,6.515356400247254,2.845439372365658
short,2006,OTH,0.21489986378207,0.1040433970840063,0.11125806527976838
short,2006,RES,6.468037837922047,4.820468095142136,1.6661763358402926
short,2006,UNK,22.67664932062829,15.91917893836211,6.818917046472917
short,2007,CO,40.19587956451457,26.46382218838212,13.846149986367731
short,2007,WO,2.3183045294243634,1.6292328904524098,0.6960956973951731
short,2007,SYN,8.734142962120403,6.069628594758584,2.690682158416533
short,2007,ART,0.3041275896233568,0.08841525206182929,0.21609351934322693
short,2007,MMF,9.721851315155234,6.528097017046129,3.221898669063613
short,2007,OTH,0.09021279942896347,0.11366722613539093,-0.022964376915597023
short,2007,RES,7.61453793495007,4.794715846518379,2.840493389892668
short,2007,UNK,23.776910752022268,16.13566313264516,7.71081277559588
short,2008,CO,39.98913869268494,26.658025478160624,13.457688607135381
short,2008,WO,2.7368813200137287,1.5979943855491738,1.1464743968933409
short,2008,SYN,9.301449862297702,5.969075021100409,3.3607167007599834
short,2008,ART,0.28459378440437066,0.11545573443649279,0.1696862471675343
short,2008,MMF,10.378976978725019,6.549339832890856,3.8607341699318622
short,2008,OTH,0.10366806858345642,0.1179715888639752,-0.013743377512644178
short,2008,RES,7.592711227743666,4.817305901813852,2.798278452311556
short,2008,UNK,24.257923440934913,16.29897465818462,8.036338202240781
short,2009,CO,37.6463761617612,26.226056305610406,11.549074322330455
short,2009,WO,2.4859096205274898,1.5913096596940033,0.9024123525775174
short,2009,SYN,8.69261253257094,5.7995909245764645,2.9214941783593362
short,2009,ART,0.4746029818482713,0.1447690095349576,0.3305447027534846
short,2009,MMF,9.334938716599662,6.45627362314528,2.9103615885038527
short,2009,OTH,0.08801132892425244,0.11452462324276821,-0.025951045974417802
short,2009,RES,7.33038942277176,4.7851692582936165,2.568712522850726
short,2009,UNK,20.813784952377958,15.934838704902518,4.957176905840566
short,2010,CO,41.285156291783814,26.56786867661472,14.860146419931379
short,2010,WO,2.984115768114339,1.6572043250368336,1.3358224412461328
short,2010,SYN,10.046362335372782,5.862764445034506,4.2151227194999645
short,2010,ART,0.5497723858501049,0.19123007949363252,0.3595705747856634
short,2010,MMF,9.996489034039737,6.5363338262392325,3.4953019050877323
short,2010,OTH,0.09276329727551812,0.10997905433412891,-0.016624385712933787
short,2010,RES,8.28659817057511,4.937866984017894,3.3752827245822754
short,2010,UNK,22.743351750155398,15.636491027229052,7.190940121466593
short,2011,CO,37.69403113477159,27.179775569213753,10.677775451557622
short,2011,WO,2.9250499414194118,1.7650481177236326,1.1706207659405126
short,2011,SYN,10.56432272358994,6.063502854296643,4.537299320456133
short,2011,ART,0.48191761471665884,0.2479559109867619,0.23545346447656967
short,2011,MMF,12.01548638379061,6.698405244335011,5.357380311873146
short,2011,OTH,0.09416248824614012,0.10306212789907132,-0.008279593789710757
short,2011,RES,9.258173277802749,5.2270416238763975,4.06257875871483
short,2011,UNK,25.834127011384908,15.644432978668732,10.283814600072912
short,2012,CO,32.92174081413952,26.150896981899752,6.932619712821133
short,2012,WO,2.405807875035697,1.778515375004085,0.6382948335698433
short,2012,SYN,9.45435514910677,6.0452947102806185,3.446458118753016
short,2012,ART,0.3740174044330524,0.2795287849081434,0.09621785333886401
short,2012,MMF,10.34114873467302,6.684213984754198,3.6982849416207113
short,2012,OTH,0.09522367738974577,0.0904247370841614,0.005358329969283246
short,2012,RES,8.464899527420723,5.381719689113259,3.1164724799461414
short,2012,UNK,21.499949537396237,15.38467502295578,6.210447898015772
short,2013,CO,34.18171931927739,25.906873022608963,8.44862625963762
short,2013,WO,2.6812288697155866,1.8231307446394784,0.8703274509779626
short,2013,SYN,10.785196401693613,6.307684049227134,4.5198234835527895
short,2013,ART,0.3898853460136931,0.29831352088067675,0.09357287375693218
short,2013,MMF,11.314533335585086,7.00542304954139,4.35610176035518
short,2013,OTH,0.09432622069204398,0.08352708786179874,0.011359421762949698
short,2013,RES,8.891538319266068,5.6863579926612235,3.2433236826375023
short,2013,UNK,21.709715623546032,15.53653805357933,6.277394663448584
short,2014,CO,33.163679871914205,25.925987538618298,7.42750526273046
short,2014,WO,2.897405141894531,1.882510823375322,1.028676817393933
short,2014,SYN,11.511090876392029,6.7494054403081485,4.81110011765225
short,2014,ART,0.4463019412166987,0.30585047459498876,0.14269070146147628
short,2014,MMF,11.42805205160879,7.48779915775099,3.995073605741318
short,2014,OTH,0.0907212176943659,0.07968089586064178,0.01162369264036163
short,2014,RES,9.114454165423743,6.012063841155014,3.1464066784360423
short,2014,UNK,20.617134645623572,15.734055583336598,4.998273408412096
short,2015,CO,30.727330673585865,25.66166916967434,5.266212179987782
short,2015,WO,3.093623666880143,1.9485716498243213,1.1602804637781072
short,2015,SYN,11.920742021364145,7.2372704691256935,4.740032155367304
short,2015,ART,0.5506365572906128,0.31071105462450965,0.24235376684709997
short,2015,MMF,11.014080834732667,7.895405983561689,3.1803789046926028
short,2015,OTH,0.09038808813697259,0.07628212330112377,0.014702123694394609
short,2015,RES,9.149733002866121,6.263402479473088,2.935280168620338
short,2015,UNK,20.903306769242683,15.679418316415228,5.346425997951586
short,2016,CO,29.558422080507597,24.479875170780577,5.274628258845539
short,2016,WO,3.055475803484244,1.987235670151104,1.084157692082981
short,2016,SYN,11.617217863381862,7.541554092150451,4.136070864426242
short,2016,ART,0.6105448876320476,0.32076924214335256,0.29234497500187284
short,2016,MMF,11.30701331299867,7.959858204911402,3.4109127753434354
short,2016,OTH,0.06803091941237924,0.07118481759244495,-0.002583714918390309
short,2016,RES,9.741727889891177,6.362181429844634,3.4305068962986756
short,2016,UNK,20.17714937215468,15.205728596426034,5.0932171393423005
short,2017,CO,29.093293598135187,24.88578451311126,4.426101029876346
short,2017,WO,2.8782616794395155,2.1722842301535676,0.7250583761657632
short,2017,SYN,11.654605525013213,8.308128101102316,3.419454423239417
short,2017,ART,0.5162377714066299,0.3680980013872683,0.1513730720668473
short,2017,MMF,11.912085574577652,8.499224238493063,3.487516887130216
short,2017,OTH,0.06727601015543574,0.06958250574476482,-0.001695296241748162
short,2017,RES,9.582823692731026,6.965980001774715,2.678031519517181
short,2017,UNK,20.19826157109544,15.75716514923305,4.579504329940072
short,2018,CO,27.87727927527732,24.977916985991186,3.133840180266695
short,2018,WO,3.276253912910319,2.3124217623901315,0.9855397964462624
short,2018,SYN,11.364857232377567,8.891246118182071,2.5570768667300108
short,2018,ART,0.48978628656037254,0.4078891102142391,0.08572619773212858
short,2018,MMF,11.613726221111198,8.95708626577219,2.7407237761839216
short,2018,OTH,0.05806620734199049,0.06605479674649518,-0.007368506094957532
short,2018,RES,9.678951730213738,7.471027879017266,2.2780574360551062
short,2018,UNK,20.743513340081446,16.131462593686404,4.763483363034801
short,2019,CO,26.836419995926896,26.268507354575735,0.8404797106125095
short,2019,WO,2.618631520637637,2.5623801161257225,0.08283915192970959
short,2019,SYN,11.873501784693755,9.827101640913256,2.1483680347398817
short,2019,ART,0.6131434419873933,0.45571166383344225,0.1621603297599737
short,2019,MMF,10.761486112826752,9.843036094513833,1.020583248218271
short,2019,OTH,0.05041140769433287,0.0647290207132764,-0.013645972288321588
short,2019,RES,9.47251831392971,8.314856237987856,1.2439386186294996
short,2019,UNK,20.16986108772204,17.51106583933688,2.8404934252569873
short,2020,CO,25.578124923045372,25.858249372203126,-0.00976874842356068
short,2020,WO,2.1582369506073222,2.5874065635901715,-0.4021175065345437
short,2020,SYN,10.524477555555862,10.095424221511532,0.5346040018536389
short,2020,ART,0.5068791809737822,0.4754650836428198,0.03638522642839759
short,2020,MMF,9.336082712466581,9.964121218083427,-0.5238606498254494
short,2020,OTH,0.03969573231812261,0.058677878864329736,-0.018368651841688767
short,2020,RES,7.903077684262156,8.528535826475308,-0.5362897593727416
short,2020,UNK,18.560442730705184,17.779359755629294,0.9669714780503256
short,2021,CO,28.10691068082008,26.348809676041405,2.033831932313305
short,2021,WO,2.559296466057245,2.6096967668388977,-0.0230907517374348
short,2021,SYN,12.300423708181945,10.598103063027715,1.8132260265966949
short,2021,ART,0.46232076736290717,0.5038807270449075,-0.03628702697865893
short,2021,MMF,9.523051278855217,10.18699923733312,-0.5573446324438436
short,2021,OTH,0.03352731326104637,0.0540641866583008,-0.019971110901074063
short,2021,RES,8.678412325400492,8.682575985039714,0.0866964118091591
short,2021,UNK,19.831879810564793,18.254308578015934,1.7685960832955843
short,2022,CO,28.317161712361735,27.75456697772384,0.8599435799727928
short,2022,WO,2.808959571786988,2.679405005055462,0.15826040044448764
short,2022,SYN,12.201710586714462,11.391400400460359,0.9323520742987998
short,2022,ART,0.5538522701515252,0.5314447422231867,0.02810116676573049
short,2022,MMF,9.978974822752814,10.517463352650871,-0.4258095756101774
short,2022,OTH,0.0389449777028849,0.05004421061893129,-0.010563083739041426
short,2022,RES,10.459649403418858,9.051725436256186,1.5048997228615288
short,2022,UNK,19.966093517225453,19.392969185011157,0.7808911116206048
short,2023,CO,25.567062575938806,27.081153434441333,-1.142672189874272
short,2023,WO,2.6325414390378055,2.5809614640638756,0.08697792333252119
short,2023,SYN,10.16919065416066,11.311592402980676,-0.9872629878159369
short,2023,ART,0.5128442503411522,0.5144502535091193,0.0054496943929358554
short,2023,MMF,8.915444526915095,9.980779322130761,-0.9284481675218963
short,2023,OTH,0.041367377666509816,0.04329080524508043,-0.0013296931467305026
short,2023,RES,8.744802422677727,9.047698689500097,-0.1788068623758825
short,2023,UNK,16.381465001741617,19.215664868129057,-2.570656562022478
short,2024,CO,26.96229006888302,26.56987223245288,0.8276157785586626
short,2024,WO,2.9010644653354962,2.5618456708772803,0.38118022935946794
short,2024,SYN,10.889945119411735,11.221648734183626,-0.14790000466491904
short,2024,ART,0.4521003451121638,0.503634692967303,-0.04328512557637382
short,2024,MMF,8.862206922557336,9.550885601892022,-0.5322411276940908
short,2024,OTH,0.03979801686727414,0.039844692261925684,0.000605955823347111
short,2024,RES,9.007187234883965,9.001126636932437,0.15349344049439217
short,2024,UNK,17.04787492071626,18.5638120200992,-1.2118734321387983
short,2025,CO,30.2558331726292,27.757530198937463,3.059332347694081
short,2025,WO,3.1646154909921522,2.7684816251506907,0.4520898353374343
short,2025,SYN,11.458294683874728,11.745612636591435,-0.04991809554089954
short,2025,ART,0.42564931296119585,0.5178331047679101,-0.08171745778767564
short,2025,MMF,10.538079220680743,9.772003244757276,0.963585654337324
short,2025,OTH,0.05884307636949279,0.04124971915652694,0.018427087878133054
short,2025,RES,10.374230419010619,9.421116294850364,1.1435317491946861
short,2025,UNK,18.17774579058903,18.758994527788328,-0.20209587736592027
medium,1988,CO,18.871878789176574,26.52612356517293,-7.649423812812135
medium,1988,WO,1.6921357974467912,2.378449111484598,-0.6858810452378123
medium,1988,SYN,4.383843519339366,6.161886494074336,-1.7769230889793182
medium,1988,ART,0.03469346518757536,0.04876478685361585,-0.014062458959752853
medium,1988,MMF,3.4862498995012885,4.900237903956893,-1.413097415731969
medium,1988,OTH,0.04612381676210892,0.06483117398889698,-0.018695574551410618
medium,1988,RES,2.3813063809781423,3.347140372076706,-0.9652256684966365
medium,1988,UNK,11.166451423997081,15.69545216339203,-4.526148185502047
medium,1989,CO,19.38586337108302,26.693891764764654,-7.3005598776827085
medium,1989,WO,0.989891747253238,2.385026891083988,-1.394467852165267
medium,1989,SYN,4.347109509385301,6.199344410960685,-1.8505004260135545
medium,1989,ART,0.039321300215255685,0.04911227425593247,-0.009777233226513887
medium,1989,MMF,3.1589651445726403,4.926312367051587,-1.765968920541812
medium,1989,OTH,0.04561192144529286,0.06527548527760658,-0.019645300815050094
medium,1989,RES,2.315213415983188,3.362357597291936,-1.0462034484350715
medium,1989,UNK,10.90310468245099,15.783112801313607,-4.875592261051091
medium,1990,CO,22.119183791727803,27.026134798436836,-4.895680413530577
medium,1990,WO,0.948508750789839,2.34635772269337,-1.396870480397408
medium,1990,SYN,4.3025508057823245,6.2587129010749445,-1.9535520510722808
medium,1990,ART,0.059647053196184595,0.050211507818554525,0.009456484867561586
medium,1990,MMF,3.606894813652932,4.949329564735385,-1.3403707533836973
medium,1990,OTH,0.06194401479927099,0.0664439200902861,-0.004472196467755533
medium,1990,RES,2.6558513466385962,3.3627695854548763,-0.7055158774267136
medium,1990,UNK,11.285394195801981,15.88927598669575,-4.597255554220199
medium,1991,CO,23.267771866604452,27.20698114458583,-3.9286308066552422
medium,1991,WO,1.391122805569818,2.2284838303433103,-0.8364945577378902
medium,1991,SYN,4.2648764030286905,6.2301146025855285,-1.9628158400774183
medium,1991,ART,0.09844388431771275,0.0529109589282126,0.04555349794251094
medium,1991,MMF,3.64327984508457,4.911581693349181,-1.266392153622896
medium,1991,OTH,0.07249650974246043,0.06810847663470623,0.004414514677440959
medium,1991,RES,3.034706468080362,3.339175007002838,-0.3031702189480252
medium,1991,UNK,11.186466349960856,15.811581138570402,-4.618967015109563
medium,1992,CO,22.511191343312937,28.00594256666438,-5.47534516337166
medium,1992,WO,2.35430916228241,2.14919738846141,0.20660100966191441
medium,1992,SYN,4.969880277199617,6.286878739510097,-1.3126421173806806
medium,1992,ART,0.06679789307143472,0.06053517653570403,0.006304662964205357
medium,1992,MMF,3.9795604492804224,4.957650081354431,-0.9746543449163445
medium,1992,OTH,0.09880049663331707,0.07255295320000446,0.026297817297802548
medium,1992,RES,3.685776864689247,3.4482845263787647,0.23988174606517498
medium,1992,UNK,11.40754660591954,15.967122082895218,-4.548511434831493
medium,1993,CO,25.07498501947833,28.609496934500683,-3.508533024778931
medium,1993,WO,2.4543952542846883,2.1341255744045733,0.32220757533455346
medium,1993,SYN,4.432975377223153,6.303900295384038,-1.8652006534436758
medium,1993,ART,0.06950492038538669,0.06876577787389614,0.0008015853639454368
medium,1993,MMF,4.202502036229496,4.980753944390424,-0.7737291281782159
medium,1993,OTH,0.105807508941217,0.07868340342018827,0.027195554086031873
medium,1993,RES,3.8114886884009502,3.632918510150197,0.18186905454538227
medium,1993,UNK,11.588401887445706,15.941802656876005,-4.3389247951601675
medium,1994,CO,26.545315256342622,29.051684221134998,-2.4758637471641016
medium,1994,WO,2.106226130500597,2.189851546551257,-0.08132600037848503
medium,1994,SYN,4.69808048772248,6.248762181076315,-1.5441202888999621
medium,1994,ART,0.13526507547408487,0.07659266857006816,0.058752831708502234
medium,1994,MMF,4.760981177984632,5.001373187730636,-0.2351404044906733
medium,1994,OTH,0.13907455857995987,0.08623105717138656,0.05293404683600213
medium,1994,RES,4.009196817701065,3.868307595196891,0.14495107186706724
medium,1994,UNK,13.34050342808348,15.768819910568434,-2.4117587063694135
medium,1995,CO,26.253050731219403,29.289630640207157,-3.0031551606803077
medium,1995,WO,1.7541821860368059,2.258936979941244,-0.5021769396144877
medium,1995,SYN,5.031470733055537,6.12325547160577,-1.0847970002794858
medium,1995,ART,0.1917925811281919,0.08733522285144528,0.10455702350906186
medium,1995,MMF,4.460188756044975,5.032113269400759,-0.5661819650269777
medium,1995,OTH,0.21662846519964385,0.09632830403506111,0.12041008912362074
medium,1995,RES,4.142139930863009,4.100556629365465,0.04626277577772964
medium,1995,UNK,13.488944268841367,15.655910988593096,-2.149100503180218
medium,1996,CO,26.772645957931147,29.77849243341575,-2.9641893607078025
medium,1996,WO,2.0110926304159853,2.331531286702269,-0.3171770786012136
medium,1996,SYN,5.118424160760288,6.0693806847437655,-0.9424660710710677
medium,1996,ART,0.1514913483893018,0.104457102183965,0.047180371181430175
medium,1996,MMF,4.393675018032439,5.127349228262275,-0.7265015645433541
medium,1996,OTH,0.18790730829188257,0.11252238752465633,0.07554232826602945
medium,1996,RES,3.7880497609210186,4.370244337027386,-0.5760810439872626
medium,1996,UNK,12.769791547646868,15.768557802139934,-2.97670762866783
medium,1997,CO,27.634397179819302,30.624405053336673,-2.93448970269527
medium,1997,WO,2.0677120103757187,2.415800622448617,-0.3437090712656352
medium,1997,SYN,6.026217677866163,6.128213120696385,-0.09088576797199988
medium,1997,ART,0.13953372923235086,0.1242755232859464,0.015483501742968614
medium,1997,MMF,4.971240950335074,5.285182527455477,-0.30436021004162406
medium,1997,OTH,0.16036377080576383,0.13344389506145418,0.02716179263863905
medium,1997,RES,4.433004475727788,4.637950553518515,-0.1965380603730411
medium,1997,UNK,14.177095618226772,16.020408030196936,-1.814269439605111
medium,1998,CO,27.007320805499425,30.738298060902952,-3.6728114232192333
medium,1998,WO,2.0528612273606486,2.4258531961987746,-0.36840154650458423
medium,1998,SYN,6.884876149872771,6.136562440800219,0.7599258764219874
medium,1998,ART,0.16657674541075104,0.1394224812574533,0.027418092184097326
medium,1998,MMF,5.562835487160755,5.341828624975779,0.23111516117869257
medium,1998,OTH,0.13472960995461078,0.15011736884804558,-0.015103693013565261
medium,1998,RES,4.977764355422329,4.760374120007389,0.22639825276353243
medium,1998,UNK,14.70667399170763,16.015249557009387,-1.2782700384220025
medium,1999,CO,25.626691131144536,30.599641789498804,-4.9028071005970375
medium,1999,WO,2.2722471600017857,2.4079761826892705,-0.13020921897179338
medium,1999,SYN,6.989803213693006,6.236537899686976,0.7675613296058588
medium,1999,ART,0.11228805479358701,0.15131535069072022,-0.03868043572426763
medium,1999,MMF,6.811779786420297,5.433520180372346,1.3907148641591043
medium,1999,OTH,0.13561325535266097,0.1609794941111803,-0.024997225470043738
medium,1999,RES,5.207553067710286,4.8346661765824,0.3839693962280091
medium,1999,UNK,15.25099534327277,16.086182350368308,-0.7983126518809076
medium,2000,CO,27.589395528205376,29.499829970416442,-1.84149655897264
medium,2000,WO,2.1189904363611953,2.3294462421957642,-0.20501214418581615
medium,2000,SYN,7.46732289240776,6.258296765553772,1.2236510834089183
medium,2000,ART,0.0886445364588777,0.15294692772123317,-0.06394497098381502
medium,2000,MMF,7.3365113020942605,5.488923433411111,1.8604148837248164
medium,2000,OTH,0.1235896398529707,0.16119305310717144,-0.037226722680557045
medium,2000,RES,5.5794072496516645,4.803766896079805,0.7868662325589142
medium,2000,UNK,16.400765427356813,15.854839444514703,0.5829770123390965
medium,2001,CO,26.846423611332376,28.386097273996096,-1.4704840356631657
medium,2001,WO,2.059984552200471,2.2515990881310994,-0.18612638095254708
medium,2001,SYN,7.066806658457494,6.326611634140531,0.7556158091792957
medium,2001,ART,0.07367496412617568,0.14756384543445097,-0.07352920215527915
medium,2001,MMF,7.186599883657511,5.634921864115037,1.5654128467782193
medium,2001,OTH,0.11309891413190058,0.1556586285950831,-0.042180304699735466
medium,2001,RES,5.052289257432921,4.8045012555354125,0.25949872234581495
medium,2001,UNK,15.98283722438341,15.711243963052288,0.3098885965096603
medium,2002,CO,29.930626600314017,27.25953387231996,2.7394391755249217
medium,2002,WO,2.1605604709913977,2.166864388755248,-0.0008710485172143123
medium,2002,SYN,7.794912438307679,6.363867995714936,1.4470002462429346
medium,2002,ART,0.08960718907270995,0.13644126454947617,-0.04649198321017596
medium,2002,MMF,7.391854851896382,5.795956101401787,1.610430657438826
medium,2002,OTH,0.09884268142842417,0.14600782319218017,-0.04679906374959622
medium,2002,RES,5.358671450003904,4.772934636696604,0.5977037503885851
medium,2002,UNK,17.328231437041083,15.500185629369808,1.8669086374173158
medium,2003,CO,32.91018891347134,26.028847523048185,6.945216546625943
medium,2003,WO,2.1279732852405453,2.059650631988851,0.07337706473591288
medium,2003,SYN,8.211521151695857,6.298578237639594,1.9283997132260478
medium,2003,ART,0.08000320279743763,0.1216704747709559,-0.04136869092514951
medium,2003,MMF,8.112390895792366,5.871734073571972,2.25506613983611
medium,2003,OTH,0.10047654044964463,0.13251258934954174,-0.031710861150572325
medium,2003,RES,5.866134579837535,4.662020235242007,1.2155550075170405
medium,2003,UNK,18.433135083104204,15.1722244703889,3.298143463963589
medium,2004,CO,35.67649781958907,26.07739646429809,9.678647841312142
medium,2004,WO,2.036565857061392,2.029728014570861,0.013029324502888517
medium,2004,SYN,8.67640757061732,6.434920450680196,2.261116200254942
medium,2004,ART,0.08945230305033176,0.1109802835889798,-0.02118944629926485
medium,2004,MMF,8.281804842216795,6.159216517885009,2.141376397416919
medium,2004,OTH,0.1505582082714502,0.12368160835660325,0.02725387827327827
medium,2004,RES,6.030438409087717,4.762668974401869,1.282297479366778
medium,2004,UNK,19.967138055828176,15.546152426218388,4.468407610494577
medium,2005,CO,37.31550244847106,26.098451361261503,11.309977675562585
medium,2005,WO,2.028842125824338,1.9669419811394102,0.06890367164771738
medium,2005,SYN,9.106936323002714,6.455161631598952,2.6747590493408877
medium,2005,ART,0.11742630376273405,0.10010080636506234,0.017681918025782242
medium,2005,MMF,8.880636092961863,6.3500757185788865,2.5531705616367253
medium,2005,OTH,0.2590218621070104,0.11556162711802284,0.14387170567757188
medium,2005,RES,6.354829066852231,4.840379130957284,1.5316846718855563
medium,2005,UNK,21.436804153708955,15.902637834980888,5.5907895205940665
medium,2006,CO,38.247693456165,25.8253159568851,12.522061002039685
medium,2006,WO,2.190942189491531,1.8614777445811608,0.3366495892160202
medium,2006,SYN,8.845755088843426,6.3113694424057245,2.558746990720201
medium,2006,ART,0.18197336299873965,0.09105214466958667,0.09127267179170143
medium,2006,MMF,9.335647056183294,6.383145837463621,2.977139613725843
medium,2006,OTH,0.21489986378207,0.11043161265011397,0.10489450767738426
medium,2006,RES,6.468037837922047,4.85412325216898,1.632651084830628
medium,2006,UNK,22.67664932062829,16.038419039175707,6.700137202212943
medium,2007,CO,40.19587956451457,25.944691361976375,14.363042701036754
medium,2007,WO,2.3183045294243634,1.7828631861984368,0.5431277429136887
medium,2007,SYN,8.734142962120403,6.20287860706624,2.558006622524636
medium,2007,ART,0.3041275896233568,0.08991451256978811,0.21460072254801366
medium,2007,MMF,9.721851315155234,6.453547094634021,3.296127186835821
medium,2007,OTH,0.09021279942896347,0.11009892865038444,-0.01941146331471967
medium,2007,RES,7.61453793495007,4.89209254106018,2.743536512306153
medium,2007,UNK,23.776910752022268,16.347155915844574,7.500231794308881
medium,2008,CO,39.98913869268494,26.103487876574846,14.00959319996003
medium,2008,WO,2.7368813200137287,1.7194804286722212,1.0255651835740487
medium,2008,SYN,9.301449862297702,6.076998327651603,3.2533058265684094
medium,2008,ART,0.28459378440437066,0.09848747041633471,0.18657394390479143
medium,2008,MMF,10.378976978725019,6.502264311654822,3.907586171140589
medium,2008,OTH,0.10366806858345642,0.11013716650827027,-0.005946153901698739
medium,2008,RES,7.592711227743666,4.920117638773748,2.6959548773868187
medium,2008,UNK,24.257923440934913,16.593169380748158,7.743540350294801
medium,2009,CO,37.6463761617612,25.73984139355193,12.03290220598019
medium,2009,WO,2.4859096205274898,1.6529174567750644,0.8411070134387884
medium,2009,SYN,8.69261253257094,5.847143540825236,2.874175017405909
medium,2009,ART,0.4746029818482713,0.11200744251147723,0.3631454298083413
medium,2009,MMF,9.334938716599662,6.413716708076984,2.952709574222726
medium,2009,OTH,0.08801132892425244,0.10776254671411965,-0.019222167252697084
medium,2009,RES,7.33038942277176,4.838524289752581,2.5156194331230477
medium,2009,UNK,20.813784952377958,16.34061873079261,4.553389020515226
medium,2010,CO,41.285156291783814,26.116084694469063,15.309501102215396
medium,2010,WO,2.984115768114339,1.6597157413719383,1.3333245291156843
medium,2010,SYN,10.046362335372782,5.8221527688859975,4.255516021506963
medium,2010,ART,0.5497723858501049,0.13898890998988367,0.41153083688485037
medium,2010,MMF,9.996489034039737,6.495864448367183,3.5355536739741815
medium,2010,OTH,0.09276329727551812,0.10764517235090104,-0.014303053309600286
medium,2010,RES,8.28659817057511,4.908094916500392,3.4048947039108217
medium,2010,UNK,22.743351750155398,16.251191766064643,6.5795447065885035
medium,2011,CO,37.69403113477159,26.879429303153188,10.976314764243547
medium,2011,WO,2.9250499414194118,1.7187138985967105,1.2166762275695948
medium,2011,SYN,10.56432272358994,5.936462208760533,4.663575659759378
medium,2011,ART,0.48191761471665884,0.17723467777996002,0.30574922220575795
medium,2011,MMF,12.01548638379061,6.676887909387327,5.378768193501809
medium,2011,OTH,0.09416248824614012,0.10780464301893929,-0.012993576829548187
medium,2011,RES,9.258173277802749,5.10799611675679,4.180908060224003
medium,2011,UNK,25.834127011384908,16.32469566954656,9.60764452862746
medium,2012,CO,32.92174081413952,26.296863420516026,6.787556258494803
medium,2012,WO,2.405807875035697,1.7145554740800575,0.7018590628157237
medium,2012,SYN,9.45435514910677,5.844963237722951,3.6455502915496236
medium,2012,ART,0.3740174044330524,0.2079613723708172,0.16734253226012463
medium,2012,MMF,10.34114873467302,6.613573910114871,3.7684880193842893
medium,2012,OTH,0.09522367738974577,0.10201942895371693,-0.006164634284635803
medium,2012,RES,8.464899527420723,5.175256710027586,3.3216582282633205
medium,2012,UNK,21.499949537396237,15.840075732213974,5.757864409551518
medium,2013,CO,34.18171931927739,26.441899971518335,7.917188202497929
medium,2013,WO,2.6812288697155866,1.7641942007855347,0.9288686560969097
medium,2013,SYN,10.785196401693613,5.998276435575847,4.827155630836686
medium,2013,ART,0.3898853460136931,0.23899337725036807,0.1524951055144183
medium,2013,MMF,11.314533335585086,6.809085750416182,4.55112205419991
medium,2013,OTH,0.09432622069204398,0.09929185679078413,-0.004299599129277021
medium,2013,RES,8.891538319266068,5.433982647209135,3.494006126821702
medium,2013,UNK,21.709715623546032,15.862123281453815,5.953993419291233
medium,2014,CO,33.163679871914205,26.7810732202851,6.578679952743343
medium,2014,WO,2.897405141894531,1.8347835063276499,1.076054706600163
medium,2014,SYN,11.511090876392029,6.292904086567097,5.264259270479437
medium,2014,ART,0.4463019412166987,0.2663176561596037,0.1819340867531924
medium,2014,MMF,11.42805205160879,7.137814563723259,4.3424958441036985
medium,2014,OTH,0.0907212176943659,0.0974067798054965,-0.005972414108797924
medium,2014,RES,9.114454165423743,5.748813824007284,3.407729353111124
medium,2014,UNK,20.617134645623572,16.01824011812451,4.716169484785773
medium,2015,CO,30.727330673585865,26.780724434863714,4.155902538027998
medium,2015,WO,3.093623666880143,1.8969727441733215,1.2114761144676045
medium,2015,SYN,11.920742021364145,6.615625996884499,5.356818361438722
medium,2015,ART,0.5506365572906128,0.28720314853745743,0.2656779543136789
medium,2015,MMF,11.014080834732667,7.444433686360961,3.6278267702401408
medium,2015,OTH,0.09038808813697259,0.0943952007133338,-0.003269396678137998
medium,2015,RES,9.149733002866121,5.9925940825440875,3.2039721479955094
medium,2015,UNK,20.903306769242683,15.960781951922636,5.067261271133679
medium,2016,CO,29.558422080507597,25.82635166185109,3.9389369096551903
medium,2016,WO,3.055475803484244,1.9108146241999764,1.1599666131075472
medium,2016,SYN,11.617217863381862,6.794499741546465,4.8771413844792395
medium,2016,ART,0.6105448876320476,0.2991028315253891,0.31383783984009317
medium,2016,MMF,11.30701331299867,7.519697592282297,3.847547745535598
medium,2016,OTH,0.06803091941237924,0.08836910083412099,-0.019630353771843134
medium,2016,RES,9.741727889891177,6.0563739612711185,3.7338648776672887
medium,2016,UNK,20.17714937215468,15.433177710489549,4.867589869909541
medium,2017,CO,29.093293598135187,26.47263277617475,2.853191336755309
medium,2017,WO,2.8782616794395155,2.0599734730802437,0.8363826171498085
medium,2017,SYN,11.654605525013213,7.458928314415898,4.261195002327126
medium,2017,ART,0.5162377714066299,0.3339594104978273,0.18521179613982885
medium,2017,MMF,11.912085574577652,8.09084105882545,3.892312907492421
medium,2017,OTH,0.06727601015543574,0.08742260072051455,-0.01937868725443631
medium,2017,RES,9.582823692731026,6.570374999283638,3.0701616037535278
medium,2017,UNK,20.19826157109544,15.952114108001673,4.386267765330519
medium,2018,CO,27.87727927527732,26.664645030295116,1.462946139843389
medium,2018,WO,3.276253912910319,2.184222187446227,1.1125359097094223
medium,2018,SYN,11.364857232377567,8.042455345541224,3.397899694311059
medium,2018,ART,0.48978628656037254,0.36492383384520044,0.12828814153368134
medium,2018,MMF,11.613726221111198,8.567845581864617,3.1263104990867525
medium,2018,OTH,0.05806620734199049,0.0843680983188986,-0.0255098932386279
medium,2018,RES,9.678951730213738,7.03333729847882,2.711639236654685
medium,2018,UNK,20.743513340081446,16.27330813620989,4.622969382453594
medium,2019,CO,26.836419995926896,28.069130193411183,-0.9414595203802207
medium,2019,WO,2.618631520637637,2.424418399220066,0.21936935160678273
medium,2019,SYN,11.873501784693755,9.02650551281938,2.9406570238954455
medium,2019,ART,0.6131434419873933,0.41309443918483363,0.2043353499138339
medium,2019,MMF,10.761486112826752,9.465867403594629,1.3938383644789187
medium,2019,OTH,0.05041140769433287,0.08427646755562976,-0.03299059107404256
medium,2019,RES,9.47251831392971,7.874430844919874,1.6797940733680443
medium,2019,UNK,20.16986108772204,17.489664707294388,2.8616724950497705
medium,2020,CO,25.578124923045372,27.532699108214576,-1.666711613602132
medium,2020,WO,2.1582369506073222,2.4843790875388834,-0.3001672134387525
medium,2020,SYN,10.524477555555862,9.394059034662007,1.2286362067277832
medium,2020,ART,0.5068791809737822,0.4356280521014119,0.07580574993701011
medium,2020,MMF,9.336082712466581,9.676462234868335,-0.2392092269776569
medium,2020,OTH,0.03969573231812261,0.0775992447803941,-0.03709218924015113
medium,2020,RES,7.903077684262156,8.168969886849482,-0.1804831887656162
medium,2020,UNK,18.560442730705184,17.577443270984908,1.166776865693901
medium,2021,CO,28.10691068082008,27.699328963389977,0.6974453492626651
medium,2021,WO,2.559296466057245,2.5685500478747203,0.017625381438447274
medium,2021,SYN,12.300423708181945,9.936415581472495,2.467989183855277
medium,2021,ART,0.46232076736290717,0.46610044836328546,0.0010978945156183695
medium,2021,MMF,9.523051278855217,10.023421335862633,-0.395478515568227
medium,2021,OTH,0.03352731326104637,0.07230496530830116,-0.038021006286215145
medium,2021,RES,8.678412325400492,8.506285396784689,0.26114218172085835
medium,2021,UNK,19.831879810564793,17.966031480943887,2.0538564630153147
medium,2022,CO,28.317161712361735,28.78394738433492,-0.1584085488214555
medium,2022,WO,2.808959571786988,2.7069422630291076,0.13101816317387538
medium,2022,SYN,12.201710586714462,10.765584397358902,1.5514633910665196
medium,2022,ART,0.5538522701515252,0.5050492406961258,0.054213879809461574
medium,2022,MMF,9.978974822752814,10.573882199416595,-0.4816239784674661
medium,2022,OTH,0.0389449777028849,0.06836465954908202,-0.028687256346820796
medium,2022,RES,10.459649403418858,9.027390044126706,1.5289743975113854
medium,2022,UNK,19.966093517225453,18.93785912148855,1.231125348689229
medium,2023,CO,25.567062575938806,27.86150791170749,-1.9123240867756017
medium,2023,WO,2.6325414390378055,2.6408399063827073,0.02792071528568707
medium,2023,SYN,10.16919065416066,10.792655634609417,-0.47544344966448016
medium,2023,ART,0.5128442503411522,0.5034282642780987,0.016320516777399097
medium,2023,MMF,8.915444526915095,10.27117423318561,-1.2148603054093634
medium,2023,OTH,0.041367377666509816,0.05962325335695941,-0.01743814134118206
medium,2023,RES,8.744802422677727,8.972681820693904,-0.10481885172390726
medium,2023,UNK,16.381465001741617,18.6736802157858,-2.0361052421802768
medium,2024,CO,26.96229006888302,27.03668885777873,0.36844531851790663
medium,2024,WO,2.9010644653354962,2.583057637498378,0.3603157015269818
medium,2024,SYN,10.889945119411735,10.75916644051324,0.3070071173706417
medium,2024,ART,0.4521003451121638,0.49852820093997363,-0.03826227470479959
medium,2024,MMF,8.862206922557336,9.917037912960925,-0.8923960921860647
medium,2024,OTH,0.03979801686727414,0.05243432293274655,-0.011777464546115696
medium,2024,RES,9.007187234883965,8.884778864070178,0.26793550937441424
medium,2024,UNK,17.04787492071626,18.280978044972507,-0.9336721011912807
medium,2025,CO,30.2558331726292,27.93152673993675,2.888852588259141
medium,2025,WO,3.1646154909921522,2.7052037139685887,0.5140887866609236
medium,2025,SYN,11.458294683874728,11.328178003126832,0.35907943673274545
medium,2025,ART,0.42564931296119585,0.5182342343268722,-0.08211047980019015
medium,2025,MMF,10.538079220680743,10.131853805506928,0.6110083175879648
medium,2025,OTH,0.05884307636949279,0.049854492544119194,0.009996232364086255
medium,2025,RES,10.374230419010619,9.2868680851577,1.2750665622520962
medium,2025,UNK,18.17774579058903,18.831102277432205,-0.2727462003096015
long,1988,CO,18.871878789176574,26.525558534039053,-7.648858884369261
long,1988,WO,1.6921357974467912,2.3785100368534198,-0.6859419595338154
long,1988,SYN,4.383843519339366,6.161942599947056,-1.7769791846551346
long,1988,ART,0.03469346518757536,0.04876661684451276,-0.014064288618059938
long,1988,MMF,3.4862498995012885,4.900325947295539,-1.4131854430692687
long,1988,OTH,0.04612381676210892,0.06482272358951138,-0.018687125687834205
long,1988,RES,2.3813063809781423,3.347177821066822,-0.965263110680624
long,1988,UNK,11.166451423997081,15.695781291364089,-4.526477253657077
long,1989,CO,19.38586337108302,26.684474575919737,-7.291145323613801
long,1989,WO,0.989891747253238,2.3894132568123387,-1.398852990659953
long,1989,SYN,4.347109509385301,6.198193840813824,-1.8493501777774748
long,1989,ART,0.039321300215255685,0.04907313237670511,-0.00973810229854661
long,1989,MMF,3.1589651445726403,4.927700131342106,-1.7673562965584932
long,1989,OTH,0.04561192144529286,0.06522511913639488,-0.019594948765464096
long,1989,RES,2.315213415983188,3.365069669812969,-1.0489147621624002
long,1989,UNK,10.90310468245099,15.785283865785926,-4.877762718094944
long,1990,CO,22.119183791727803,26.947439401422244,-4.817017834520165
long,1990,WO,0.948508750789839,2.3856517190663067,-1.436148090163426
long,1990,SYN,4.3025508057823245,6.252062320464607,-1.9469042439250757
long,1990,ART,0.059647053196184595,0.04974951343111506,0.009918286591461468
long,1990,MMF,3.606894813652932,4.960946742528272,-1.3519830865147124
long,1990,OTH,0.06194401479927099,0.06599818753443515,-0.004026649793842228
long,1990,RES,2.6558513466385962,3.382297026895873,-0.7250351754224882
long,1990,UNK,11.285394195801981,15.905091075657145,-4.613064047882817
long,1991,CO,23.267771866604452,27.001176171046698,-3.72290585309333
long,1991,WO,1.391122805569818,2.3337652907695903,-0.9417350831958846
long,1991,SYN,4.2648764030286905,6.23528374801732,-1.9679829756700276
long,1991,ART,0.09844388431771275,0.05080270592238696,0.04766093122880019
long,1991,MMF,3.64327984508457,4.940649333347214,-1.295448491698287
long,1991,OTH,0.07249650974246043,0.06661668985260945,0.005905721431065811
long,1991,RES,3.034706468080362,3.365860562726698,-0.3298453989383727
long,1991,UNK,11.186466349960856,15.854782350317484,-4.662151429595042
long,1992,CO,22.511191343312937,27.64451308627213,-5.114166127047067
long,1992,WO,2.35430916228241,2.318792611272802,0.03712330387600149
long,1992,SYN,4.969880277199617,6.328010766324061,-1.3537456427229468
long,1992,ART,0.06679789307143472,0.05457800758561616,0.012257704034016402
long,1992,MMF,3.9795604492804224,5.012179810241431,-1.0291462887087368
long,1992,OTH,0.09880049663331707,0.06927052089604853,0.029577975117405078
long,1992,RES,3.685776864689247,3.4357492523855173,0.25240833403479
long,1992,UNK,11.40754660591954,16.08506946002239,-4.666377083094531
long,1993,CO,25.07498501947833,28.155610776101902,-3.0550590182861797
long,1993,WO,2.4543952542846883,2.310910376851166,0.1455833025536859
long,1993,SYN,4.432975377223153,6.38313199922467,-1.944360410834408
long,1993,ART,0.06950492038538669,0.05891058981798285,0.010647824403753378
long,1993,MMF,4.202502036229496,5.056109357522632,-0.8490161147312545
long,1993,OTH,0.105807508941217,0.07269062487801001,0.03318289087799843
long,1993,RES,3.8114886884009502,3.525279472351635,0.2894103505781498
long,1993,UNK,11.588401887445706,16.187803900252003,-4.584702656792821
long,1994,CO,26.545315256342622,28.555760418031188,-1.980460680256705
long,1994,WO,2.106226130500597,2.3165134324442826,-0.2078548871529411
long,1994,SYN,4.69808048772248,6.38646218231041,-1.6816757006337353
long,1994,ART,0.13526507547408487,0.06364339466345748,0.07168850845442362
long,1994,MMF,4.760981177984632,5.080849797722327,-0.31453356144515965
long,1994,OTH,0.13907455857995987,0.0769707977541916,0.06218458267825161
long,1994,RES,4.009196817701065,3.6396227333509636,0.3733958071363115
long,1994,UNK,13.34050342808348,16.171799611723188,-2.8143152656715316
long,1995,CO,26.253050731219403,28.840071128028292,-2.554108676942409
long,1995,WO,1.7541821860368059,2.3221646790883246,-0.5653324845594205
long,1995,SYN,5.031470733055537,6.339031965224631,-1.300327254023271
long,1995,ART,0.1917925811281919,0.07028448888490434,0.12158829951458276
long,1995,MMF,4.460188756044975,5.0961670049536805,-0.6301626037213106
long,1995,OTH,0.21662846519964385,0.08281471670374238,0.13390825501583603
long,1995,RES,4.142139930863009,3.7728617922407097,0.37358365402307436
long,1995,UNK,13.488944268841367,16.120671730875717,-2.613330869678153
long,1996,CO,26.772645957931147,29.402551926583488,-2.5887747568196673
long,1996,WO,2.0110926304159853,2.349364559165236,-0.33498540411028443
long,1996,SYN,5.118424160760288,6.345702546933527,-1.218401386777514
long,1996,ART,0.1514913483893018,0.08088422845945514,0.07072026882736399
long,1996,MMF,4.393675018032439,5.167414893813109,-0.7665111822592561
long,1996,OTH,0.18790730829188257,0.09250996986791381,0.09552675056400246
long,1996,RES,3.7880497609210186,3.9736327855197797,-0.1800243121354832
long,1996,UNK,12.769791547646868,16.250474351657502,-3.457950025420244
long,1997,CO,27.634397179819302,30.27973801536852,-2.5904475024490985
long,1997,WO,2.0677120103757187,2.4040915899655633,-0.332021265776687
long,1997,SYN,6.026217677866163,6.423354807917478,-0.3854924006645444
long,1997,ART,0.13953372923235086,0.09421842409503882,0.045486111216789735
long,1997,MMF,4.971240950335074,5.296942026648678,-0.3160983907509598
long,1997,OTH,0.16036377080576383,0.10575219747121373,0.05480328868555184
long,1997,RES,4.433004475727788,4.225073068368626,0.21559093014620156
long,1997,UNK,14.177095618226772,16.540509196164884,-2.3334277279783198
long,1998,CO,27.007320805499425,30.46986904973479,-3.404890358092395
long,1998,WO,2.0528612273606486,2.4070220821239783,-0.34960606639426306
long,1998,SYN,6.884876149872771,6.388271351174869,0.5086932727774993
long,1998,ART,0.16657674541075104,0.10600878641081744,0.06076855856690426
long,1998,MMF,5.562835487160755,5.323088780037638,0.2498195448602063
long,1998,OTH,0.13472960995461078,0.11743371956126875,0.01751810926867614
long,1998,RES,4.977764355422329,4.386992571169915,0.5990732547236428
long,1998,UNK,14.70667399170763,16.50901950978672,-1.7711056343213478
long,1999,CO,25.626691131144536,30.501283329356287,-4.804674107549115
long,1999,WO,2.2722471600017857,2.401588859034092,-0.1238365369783967
long,1999,SYN,6.989803213693006,6.3839231690041665,0.6205139115361451
long,1999,ART,0.11228805479358701,0.11737190746557652,-0.004814801052790044
long,1999,MMF,6.811779786420297,5.36424383607311,1.4598324062968313
long,1999,OTH,0.13561325535266097,0.1276686670791944,0.008237243154352536
long,1999,RES,5.207553067710286,4.5278859461738925,0.6900463943255479
long,1999,UNK,15.25099534327277,16.486853709813687,-1.1980655523836532
long,2000,CO,27.589395528205376,29.683267066230865,-2.024504982313168
long,2000,WO,2.1189904363611953,2.339911818708201,-0.21545326378808216
long,2000,SYN,7.46732289240776,6.2693497253551795,1.2126239531683254
long,2000,ART,0.0886445364588777,0.12358303129226694,-0.03464969477623567
long,2000,MMF,7.3365113020942605,5.326890067246403,2.0220695955959718
long,2000,OTH,0.1235896398529707,0.1325441316225554,-0.008644750598910247
long,2000,RES,5.5794072496516645,4.551576256133506,1.0384675305019577
long,2000,UNK,16.400765427356813,16.122120636411026,0.31632042741905764
long,2001,CO,26.846423611332376,28.87868802312073,-1.96187412060819
long,2001,WO,2.059984552200471,2.2821429526005756,-0.21659579635037396
long,2001,SYN,7.066806658457494,6.208107095625854,0.873831499081267
long,2001,ART,0.07367496412617568,0.12670172280569444,-0.05271792985896498
long,2001,MMF,7.186599883657511,5.352242817857498,1.8474028776497171
long,2001,OTH,0.11309891413190058,0.13495178597438048,-0.02152393392457952
long,2001,RES,5.052289257432921,4.576615362921549,0.48682915501897384
long,2001,UNK,15.98283722438341,15.858747792093723,0.16274430033440268
long,2002,CO,29.930626600314017,27.977036153326,2.0237358516188735
long,2002,WO,2.1605604709913977,2.2153708593601067,-0.04925590130704993
long,2002,SYN,7.794912438307679,6.149342069256429,1.6609883027200478
long,2002,ART,0.08960718907270995,0.12616249199479163,-0.036238982100901346
long,2002,MMF,7.391854851896382,5.394622456135616,2.0107580591992553
long,2002,OTH,0.09884268142842417,0.13443453686792556,-0.0352547945395089
long,2002,RES,5.358671450003904,4.564815967783747,0.8053006139121184
long,2002,UNK,17.328231437041083,15.580007177275391,1.7872872220327558
long,2003,CO,32.91018891347134,26.847988907088737,6.128085347009094
long,2003,WO,2.1279732852405453,2.1250349302616276,0.00815322044642075
long,2003,SYN,8.211521151695857,6.04174698891531,2.1846006944705483
long,2003,ART,0.08000320279743763,0.12184503227782427,-0.041542820065452374
long,2003,MMF,8.112390895792366,5.3970683734150136,2.728567003719977
long,2003,OTH,0.10047654044964463,0.13014996592458405,-0.029354035636574155
long,2003,RES,5.866134579837535,4.486073018387736,1.391070447438044
long,2003,UNK,18.433135083104204,15.197331019729166,3.273098526446873
long,2004,CO,35.67649781958907,26.92799910570058,8.830639878071509
long,2004,WO,2.036565857061392,2.119655407234223,-0.07662375365621665
long,2004,SYN,8.67640757061732,6.1895626083041355,2.505725603107698
long,2004,ART,0.08945230305033176,0.12048081919286369,-0.03066100147085586
long,2004,MMF,8.281804842216795,5.641615071509831,2.6573989524225166
long,2004,OTH,0.1505582082714502,0.12943493148501892,0.02151810508081714
long,2004,RES,6.030438409087717,4.599661225467282,1.444807989489978
long,2004,UNK,19.967138055828176,15.516335571106064,4.498133512276814
long,2005,CO,37.31550244847106,26.88206269473092,10.529156481891356
long,2005,WO,2.028842125824338,2.0886656345691614,-0.05238657047810191
long,2005,SYN,9.106936323002714,6.280392926536067,2.8489054699897443
long,2005,ART,0.11742630376273405,0.11662321428913813,0.0012183400674583844
long,2005,MMF,8.880636092961863,5.849212342652273,3.0522505549360863
long,2005,OTH,0.2590218621070104,0.1269012021477764,0.13257250653090435
long,2005,RES,6.354829066852231,4.686867303709448,1.6846499023188715
long,2005,UNK,21.436804153708955,15.798584773365222,5.694472089114575
long,2006,CO,38.247693456165,26.452770122618666,11.897028755525454
long,2006,WO,2.190942189491531,2.013602870765932,0.18511165295996834
long,2006,SYN,8.845755088843426,6.241495363470857,2.62835136170834
long,2006,ART,0.18197336299873965,0.11047726065541114,0.0719225350861388
long,2006,MMF,9.335647056183294,5.948277420981243,3.4103294754495144
long,2006,OTH,0.21489986378207,0.12294119756290213,0.09243320868854217
long,2006,RES,6.468037837922047,4.708632948007983,1.7775798089063874
long,2006,UNK,22.67664932062829,15.877137845937009,6.860795863890049
long,2007,CO,40.19587956451457,26.36387951202314,13.945661783138021
long,2007,WO,2.3183045294243634,1.9561306050718676,0.37060732619086467
long,2007,SYN,8.734142962120403,6.237439287365346,2.523594942555066
long,2007,ART,0.3041275896233568,0.10714994556197949,0.19743959611383255
long,2007,MMF,9.721851315155234,6.093730813343132,3.6543922039727477
long,2007,OTH,0.09021279942896347,0.12081304603977339,-0.03007938928056364
long,2007,RES,7.61453793495007,4.7783780979777735,2.856760702032851
long,2007,UNK,23.776910752022268,16.165720840617,7.680884654436401
long,2008,CO,39.98913869268494,26.295087480897486,13.818903332750558
long,2008,WO,2.7368813200137287,1.8973759689289933,0.8485143119469996
long,2008,SYN,9.301449862297702,6.195936087541584,3.134932796938241
long,2008,ART,0.28459378440437066,0.10748121000829365,0.17762290763010657
long,2008,MMF,10.378976978725019,6.214421314967867,4.194062455940131
long,2008,OTH,0.10366806858345642,0.11817850965319623,-0.013949315817991581
long,2008,RES,7.592711227743666,4.846805648048675,2.768918774288637
long,2008,UNK,24.257923440934913,16.448856380953913,7.887168135251105
long,2009,CO,37.6463761617612,25.70572178605343,12.066854306332417
long,2009,WO,2.4859096205274898,1.8090072479034816,0.6857835311102396
long,2009,SYN,8.69261253257094,6.0054446739578955,2.7166510494579272
long,2009,ART,0.4746029818482713,0.10921801780455248,0.36592116008538667
long,2009,MMF,9.334938716599662,6.1838911395134755,3.181406834814574
long,2009,OTH,0.08801132892425244,0.11296296815789397,-0.024397057694817925
long,2009,RES,7.33038942277176,4.8040492779070645,2.5499251929965947
long,2009,UNK,20.813784952377958,16.322236997702213,4.571680510139203
long,2010,CO,41.285156291783814,25.85040346702777,15.57375372794753
long,2010,WO,2.984115768114339,1.7813512284166575,1.2123430915360314
long,2010,SYN,10.046362335372782,5.9729232648412065,4.105556237660721
long,2010,ART,0.5497723858501049,0.11994426465412585,0.4304730767434168
long,2010,MMF,9.996489034039737,6.297796473203148,3.7325566124753955
long,2010,OTH,0.09276329727551812,0.1108043299164247,-0.01744522368358968
long,2010,RES,8.28659817057511,4.88415832916418,3.428702581176287
long,2010,UNK,22.743351750155398,16.482357060776486,6.349622417031007
long,2011,CO,37.69403113477159,26.45982483510335,11.393394793686237
long,2011,WO,2.9250499414194118,1.7975859580733913,1.1382786808474934
long,2011,SYN,10.56432272358994,6.0483661915500555,4.552344917499825
long,2011,ART,0.48191761471665884,0.13899598033213761,0.3437578667073548
long,2011,MMF,12.01548638379061,6.504968960317419,5.549652837969696
long,2011,OTH,0.09416248824614012,0.110341356123792,-0.015515028475134487
long,2011,RES,9.258173277802749,5.056541024071006,4.232053587039067
long,2011,UNK,25.834127011384908,16.812600121428854,9.122675424027467
long,2012,CO,32.92174081413952,25.947917767231406,7.134343248144507
long,2012,WO,2.405807875035697,1.7516992011359112,0.6649451159909916
long,2012,SYN,9.45435514910677,5.895726933101768,3.595100632875825
long,2012,ART,0.3740174044330524,0.15545886187079644,0.21952024931712305
long,2012,MMF,10.34114873467302,6.456546713013392,3.9245438076234294
long,2012,OTH,0.09522367738974577,0.10531464838342891,-0.00943946867649155
long,2012,RES,8.464899527420723,5.053929903273636,3.442234477550185
long,2012,UNK,21.499949537396237,16.42867525798967,5.172906105209183
long,2013,CO,34.18171931927739,26.250396171763946,8.107407419462234
long,2013,WO,2.6812288697155866,1.7704882171421414,0.9226168591902701
long,2013,SYN,10.785196401693613,5.963792533247336,4.861408219595843
long,2013,ART,0.3898853460136931,0.17722723327689,0.21384693016023792
long,2013,MMF,11.314533335585086,6.630748953544833,4.7282625908383356
long,2013,OTH,0.09432622069204398,0.10400478463429114,-0.008980913260646456
long,2013,RES,8.891538319266068,5.235216085012682,3.6914393885543033
long,2013,UNK,21.709715623546032,16.51597354237788,5.304529101588944
long,2014,CO,33.163679871914205,26.80287674360929,6.557036060392825
long,2014,WO,2.897405141894531,1.816672871442094,1.0940327473981677
long,2014,SYN,11.511090876392029,6.13791000003603,5.418118592845179
long,2014,ART,0.4463019412166987,0.20106424145253377,0.2467097591261388
long,2014,MMF,11.42805205160879,6.900893733620936,4.57768209662286
long,2014,OTH,0.0907212176943659,0.10391094945429563,-0.012428964530258504
long,2014,RES,9.114454165423743,5.490081580973636,3.6645673298254566
long,2014,UNK,20.617134645623572,16.723943634411178,4.015632662787571
long,2015,CO,30.727330673585865,27.04897964585878,3.8897437909679304
long,2015,WO,3.093623666880143,1.8557285439766815,1.2523979836350754
long,2015,SYN,11.920742021364145,6.304626470522733,5.665387369159676
long,2015,ART,0.5506365572906128,0.22335807403252167,0.3290240677895622
long,2015,MMF,11.014080834732667,7.127661653722617,3.9421231710367834
long,2015,OTH,0.09038808813697259,0.10278715552513001,-0.011595766815765948
long,2015,RES,9.149733002866121,5.70064451724404,3.4936400736128874
long,2015,UNK,20.903306769242683,16.708945185117493,4.3249450715530635
long,2016,CO,29.558422080507597,26.38166921512241,3.388067394385491
long,2016,WO,3.055475803484244,1.8473539279530908,1.2229189955313728
long,2016,SYN,11.617217863381862,6.323269346764787,5.344597270979733
long,2016,ART,0.6105448876320476,0.2393189255613415,0.373142882703115
long,2016,MMF,11.30701331299867,7.141432348133766,4.222783122951564
long,2016,OTH,0.06803091941237924,0.09842973196267457,-0.02961040025235795
long,2016,RES,9.741727889891177,5.740789368081343,4.046921669862902
long,2016,UNK,20.17714937215468,16.156124360420584,4.150433950260837
long,2017,CO,29.093293598135187,27.387567462818964,1.9462932604281669
long,2017,WO,2.8782616794395155,1.9706896247553116,0.9248822133231167
long,2017,SYN,11.654605525013213,6.805233776815255,4.909147612835286
long,2017,ART,0.5162377714066299,0.2728060161878253,0.24582803079591242
long,2017,MMF,11.912085574577652,7.6431462908154115,4.3360752107658955
long,2017,OTH,0.06727601015543574,0.10017440634031428,-0.03201848346624074
long,2017,RES,9.582823692731026,6.184758583735894,3.4523908388731375
long,2017,UNK,20.19826157109544,16.661870579531026,3.682745658138824
long,2018,CO,27.87727927527732,27.933013883600616,0.2064839821152411
long,2018,WO,3.276253912910319,2.07408837447142,1.221635851677033
long,2018,SYN,11.364857232377567,7.237702861157491,4.195097639002572
long,2018,ART,0.48978628656037254,0.30351023876592265,0.1891252221558169
long,2018,MMF,11.613726221111198,8.065946578460816,3.623497971906584
long,2018,OTH,0.05806620734199049,0.09991071253975645,-0.040906602602612564
long,2018,RES,9.678951730213738,6.571099431427394,3.1695378883800966
long,2018,UNK,20.743513340081446,16.929833431576583,3.9726071577192243
long,2019,CO,26.836419995926896,29.750813605415313,-2.6056934628409074
long,2019,WO,2.618631520637637,2.2897272285391126,0.35266294087390326
long,2019,SYN,11.873501784693755,8.070852546132514,3.8863939521548225
long,2019,ART,0.6131434419873933,0.349953896057009,0.26682073465905165
long,2019,MMF,10.761486112826752,8.90896567150837,1.9449615774079074
long,2019,OTH,0.05041140769433287,0.10364906586017958,-0.052162175583915206
long,2019,RES,9.47251831392971,7.316835651943714,2.2316035517037687
long,2019,UNK,20.16986108772204,18.05659030254379,2.30062942848388
long,2020,CO,25.578124923045372,29.443261958638658,-3.557298960240626
long,2020,WO,2.1582369506073222,2.347571907977215,-0.16479039369624582
long,2020,SYN,10.524477555555862,8.38571298715712,2.226439695905082
long,2020,ART,0.5068791809737822,0.37393576226783176,0.13685302850135161
long,2020,MMF,9.336082712466581,9.140061172307057,0.2915836026728815
long,2020,OTH,0.03969573231812261,0.09939668957689576,-0.05866173525753019
long,2020,RES,7.903077684262156,7.581144019776123,0.4011967837456325
long,2020,UNK,18.560442730705184,17.976155422299108,0.7722333687038265
long,2021,CO,28.10691068082008,29.690172490141485,-1.2725647076297975
long,2021,WO,2.559296466057245,2.4420064656346536,0.14284473007048382
long,2021,SYN,12.300423708181945,8.874845499499969,3.5184503122566877
long,2021,ART,0.46232076736290717,0.4043647337719015,0.062187566797858695
long,2021,MMF,9.523051278855217,9.524420416802064,0.09830053624502177
long,2021,OTH,0.03352731326104637,0.09644979763098231,-0.061913171520957426
long,2021,RES,8.678412325400492,7.9594446675117165,0.8022604171373704
long,2021,UNK,19.831879810564793,18.24673414900723,1.776091248597055
long,2022,CO,28.317161712361735,30.785726536253947,-2.1387416187347235
long,2022,WO,2.808959571786988,2.6017872175431176,0.2350466289736648
long,2022,SYN,12.201710586714462,9.648560115705125,2.6565204213260536
long,2022,ART,0.5538522701515252,0.4451489569032461,0.11347242128168677
long,2022,MMF,9.978974822752814,10.156808140450227,-0.06901824682006996
long,2022,OTH,0.0389449777028849,0.09532298323957816,-0.05535676175281741
long,2022,RES,10.459649403418858,8.554561595206778,1.996737193868956
long,2022,UNK,19.966093517225453,19.081103764697986,1.089415358471964
long,2023,CO,25.567062575938806,29.70496468702251,-3.7304978082200115
long,2023,WO,2.6325414390378055,2.572627608412125,0.09519747995420236
long,2023,SYN,10.16919065416066,9.744669413731229,0.5581696150687296
long,2023,ART,0.5128442503411522,0.4527448367273109,0.06630881990418469
long,2023,MMF,8.915444526915095,10.029080942715213,-0.9760873302219935
long,2023,OTH,0.041367377666509816,0.08690398549279,-0.044344717581709915
long,2023,RES,8.744802422677727,8.56068067255848,0.301531690787046
long,2023,UNK,16.381465001741617,18.623919093340334,-1.9870265947221775
long,2024,CO,26.96229006888302,28.640819577898405,-1.209410740504655
long,2024,WO,2.9010644653354962,2.53728939250293,0.40533429120370634
long,2024,SYN,10.889945119411735,9.79572937719645,1.254663682247033
long,2024,ART,0.4521003451121638,0.4569196498710222,0.002664754238575373
long,2024,MMF,8.862206922557336,9.842982827390216,-0.8195539827472142
long,2024,OTH,0.03979801686727414,0.0787230304827726,-0.0376355794562187
long,2024,RES,9.007187234883965,8.525494813885285,0.6213347108136258
long,2024,UNK,17.04787492071626,18.134711612439602,-0.7898014216331717
long,2025,CO,30.2558331726292,29.30978525624875,1.538451143778751
long,2025,WO,3.1646154909921522,2.65502599690761,0.5632523222371004
long,2025,SYN,11.458294683874728,10.40184394258837,1.2666906276795586
long,2025,ART,0.42564931296119585,0.48465053137514325,-0.04920556360321393
long,2025,MMF,10.538079220680743,10.196929289461478,0.5472481256555888
long,2025,OTH,0.05884307636949279,0.07538159852393067,-0.015014925107867942
long,2025,RES,10.374230419010619,8.966928041307774,1.5885400450919818
long,2025,UNK,18.17774579058903,18.692276695586948,-0.1367265319847455
